--
-- PostgreSQL database dump
--

SET statement_timeout = 0;
SET client_encoding = 'UTF8';
SET standard_conforming_strings = on;
SET check_function_bodies = false;
SET client_min_messages = warning;

--
-- Name: plpgsql; Type: EXTENSION; Schema: -; Owner: 
--

CREATE EXTENSION IF NOT EXISTS plpgsql WITH SCHEMA pg_catalog;


--
-- Name: EXTENSION plpgsql; Type: COMMENT; Schema: -; Owner: 
--

COMMENT ON EXTENSION plpgsql IS 'PL/pgSQL procedural language';


SET search_path = public, pg_catalog;

SET default_tablespace = '';

SET default_with_oids = false;

--
-- Name: discounts; Type: TABLE; Schema: public; Owner: rails; Tablespace: 
--

CREATE TABLE discounts (
    id integer NOT NULL,
    amount double precision,
    created_at timestamp without time zone,
    updated_at timestamp without time zone
);


ALTER TABLE public.discounts OWNER TO rails;

--
-- Name: discounts_id_seq; Type: SEQUENCE; Schema: public; Owner: rails
--

CREATE SEQUENCE discounts_id_seq
    START WITH 1
    INCREMENT BY 1
    NO MINVALUE
    NO MAXVALUE
    CACHE 1;


ALTER TABLE public.discounts_id_seq OWNER TO rails;

--
-- Name: discounts_id_seq; Type: SEQUENCE OWNED BY; Schema: public; Owner: rails
--

ALTER SEQUENCE discounts_id_seq OWNED BY discounts.id;


--
-- Name: drinks; Type: TABLE; Schema: public; Owner: rails; Tablespace: 
--

CREATE TABLE drinks (
    id integer NOT NULL,
    name character varying(255),
    date date,
    cost double precision,
    created_at timestamp without time zone,
    updated_at timestamp without time zone
);


ALTER TABLE public.drinks OWNER TO rails;

--
-- Name: drinks_id_seq; Type: SEQUENCE; Schema: public; Owner: rails
--

CREATE SEQUENCE drinks_id_seq
    START WITH 1
    INCREMENT BY 1
    NO MINVALUE
    NO MAXVALUE
    CACHE 1;


ALTER TABLE public.drinks_id_seq OWNER TO rails;

--
-- Name: drinks_id_seq; Type: SEQUENCE OWNED BY; Schema: public; Owner: rails
--

ALTER SEQUENCE drinks_id_seq OWNED BY drinks.id;


--
-- Name: sales; Type: TABLE; Schema: public; Owner: rails; Tablespace: 
--

CREATE TABLE sales (
    id integer NOT NULL,
    drink_id integer,
    created_at timestamp without time zone,
    updated_at timestamp without time zone
);


ALTER TABLE public.sales OWNER TO rails;

--
-- Name: sales_id_seq; Type: SEQUENCE; Schema: public; Owner: rails
--

CREATE SEQUENCE sales_id_seq
    START WITH 1
    INCREMENT BY 1
    NO MINVALUE
    NO MAXVALUE
    CACHE 1;


ALTER TABLE public.sales_id_seq OWNER TO rails;

--
-- Name: sales_id_seq; Type: SEQUENCE OWNED BY; Schema: public; Owner: rails
--

ALTER SEQUENCE sales_id_seq OWNED BY sales.id;


--
-- Name: schema_migrations; Type: TABLE; Schema: public; Owner: rails; Tablespace: 
--

CREATE TABLE schema_migrations (
    version character varying(255) NOT NULL
);


ALTER TABLE public.schema_migrations OWNER TO rails;

--
-- Name: users; Type: TABLE; Schema: public; Owner: rails; Tablespace: 
--

CREATE TABLE users (
    id integer NOT NULL,
    email character varying(255) DEFAULT ''::character varying NOT NULL,
    encrypted_password character varying(255) DEFAULT ''::character varying NOT NULL,
    reset_password_token character varying(255),
    reset_password_sent_at timestamp without time zone,
    remember_created_at timestamp without time zone,
    sign_in_count integer DEFAULT 0 NOT NULL,
    current_sign_in_at timestamp without time zone,
    last_sign_in_at timestamp without time zone,
    current_sign_in_ip character varying(255),
    last_sign_in_ip character varying(255),
    created_at timestamp without time zone,
    updated_at timestamp without time zone
);


ALTER TABLE public.users OWNER TO rails;

--
-- Name: users_id_seq; Type: SEQUENCE; Schema: public; Owner: rails
--

CREATE SEQUENCE users_id_seq
    START WITH 1
    INCREMENT BY 1
    NO MINVALUE
    NO MAXVALUE
    CACHE 1;


ALTER TABLE public.users_id_seq OWNER TO rails;

--
-- Name: users_id_seq; Type: SEQUENCE OWNED BY; Schema: public; Owner: rails
--

ALTER SEQUENCE users_id_seq OWNED BY users.id;


--
-- Name: id; Type: DEFAULT; Schema: public; Owner: rails
--

ALTER TABLE ONLY discounts ALTER COLUMN id SET DEFAULT nextval('discounts_id_seq'::regclass);


--
-- Name: id; Type: DEFAULT; Schema: public; Owner: rails
--

ALTER TABLE ONLY drinks ALTER COLUMN id SET DEFAULT nextval('drinks_id_seq'::regclass);


--
-- Name: id; Type: DEFAULT; Schema: public; Owner: rails
--

ALTER TABLE ONLY sales ALTER COLUMN id SET DEFAULT nextval('sales_id_seq'::regclass);


--
-- Name: id; Type: DEFAULT; Schema: public; Owner: rails
--

ALTER TABLE ONLY users ALTER COLUMN id SET DEFAULT nextval('users_id_seq'::regclass);


--
-- Data for Name: discounts; Type: TABLE DATA; Schema: public; Owner: rails
--

COPY discounts (id, amount, created_at, updated_at) FROM stdin;
1	5	2014-05-28 20:33:51.734986	2014-05-28 20:33:51.734986
2	20	2014-05-28 20:34:55.481645	2014-05-28 20:34:55.481645
3	10	2014-06-05 11:08:27.197939	2014-06-05 11:08:27.197939
4	\N	2014-06-06 11:36:23.207007	2014-06-06 11:36:23.207007
5	7	2014-06-06 11:36:30.760975	2014-06-06 11:36:30.760975
6	1	2014-06-06 12:40:59.696843	2014-06-06 12:40:59.696843
7	13	2014-06-06 13:41:58.794725	2014-06-06 13:41:58.794725
8	6	2014-06-06 14:44:06.996207	2014-06-06 14:44:06.996207
9	1	2014-06-06 14:55:00.288875	2014-06-06 14:55:00.288875
10	2	2014-06-06 15:15:25.102843	2014-06-06 15:15:25.102843
11	6	2014-06-06 15:53:30.794584	2014-06-06 15:53:30.794584
12	2	2014-06-06 17:13:12.498782	2014-06-06 17:13:12.498782
13	4	2014-06-06 17:37:51.520054	2014-06-06 17:37:51.520054
14	3	2014-06-06 17:45:08.618981	2014-06-06 17:45:08.618981
15	3	2014-06-06 18:10:30.070177	2014-06-06 18:10:30.070177
16	3.5	2014-06-06 18:39:18.259195	2014-06-06 18:39:18.259195
17	2	2014-06-06 19:02:13.651109	2014-06-06 19:02:13.651109
18	4	2014-06-06 20:22:20.581371	2014-06-06 20:22:20.581371
19	6	2014-06-06 20:30:07.738968	2014-06-06 20:30:07.738968
20	2	2014-06-07 13:11:43.16041	2014-06-07 13:11:43.16041
21	1	2014-06-07 13:48:29.485266	2014-06-07 13:48:29.485266
22	2	2014-06-07 14:29:16.925082	2014-06-07 14:29:16.925082
23	1	2014-06-07 14:34:14.840045	2014-06-07 14:34:14.840045
24	4	2014-06-07 14:47:56.299829	2014-06-07 14:47:56.299829
25	4	2014-06-07 15:04:11.829469	2014-06-07 15:04:11.829469
26	2	2014-06-07 15:54:59.756149	2014-06-07 15:54:59.756149
27	1	2014-06-07 16:36:58.281833	2014-06-07 16:36:58.281833
28	10	2014-06-08 14:34:28.012018	2014-06-08 14:34:28.012018
29	6	2014-06-08 15:54:24.13966	2014-06-08 15:54:24.13966
30	2	2014-06-21 11:57:00.976691	2014-06-21 11:57:00.976691
31	3	2014-06-21 13:33:10.797766	2014-06-21 13:33:10.797766
32	3	2014-06-21 15:08:09.558131	2014-06-21 15:08:09.558131
33	3	2014-06-21 15:09:17.2522	2014-06-21 15:09:17.2522
\.


--
-- Name: discounts_id_seq; Type: SEQUENCE SET; Schema: public; Owner: rails
--

SELECT pg_catalog.setval('discounts_id_seq', 33, true);


--
-- Data for Name: drinks; Type: TABLE DATA; Schema: public; Owner: rails
--

COPY drinks (id, name, date, cost, created_at, updated_at) FROM stdin;
1	Cosmo	2014-05-28	6	2014-05-28 17:23:01.542981	2014-05-28 17:23:01.542981
2	Daquiri	2014-05-28	7	2014-05-28 17:37:45.064021	2014-05-28 17:37:45.064021
3	Collins	2014-05-28	10	2014-05-28 17:37:57.676815	2014-05-28 17:37:57.676815
4	Jungle Bird	2014-06-06	7	2014-06-02 10:32:44.602643	2014-06-06 10:56:46.92818
5	Margarita	2014-06-06	7	2014-06-02 10:33:28.190565	2014-06-06 10:57:10.190701
6	G&T	2014-06-06	6	2014-06-06 10:57:35.903816	2014-06-06 10:57:35.903816
7	Lg Wine	2014-06-06	6	2014-06-06 10:57:53.369514	2014-06-06 10:57:53.369514
8	Sm wine	2014-06-06	4	2014-06-06 10:58:07.43731	2014-06-06 10:58:07.43731
9	Water 	2014-06-06	1	2014-06-06 10:58:19.839193	2014-06-06 10:58:19.839193
10	Pickleback	2014-06-06	4	2014-06-06 10:58:36.050151	2014-06-06 10:58:36.050151
11	Bloody Maria 	2014-06-07	7	2014-06-07 10:44:01.415679	2014-06-07 10:44:01.415679
13	Buffalo Mary 	2014-06-21	7	2014-06-21 10:55:18.433482	2014-06-21 10:55:18.433482
14	Collins 	2014-06-21	6.5	2014-06-21 10:55:41.535001	2014-06-21 10:55:41.535001
15	Paloma	2014-06-21	6.5	2014-06-21 10:56:01.012615	2014-06-21 10:56:01.012615
16	Lg wine	2014-06-21	6	2014-06-21 10:56:18.651036	2014-06-21 10:56:18.651036
18	Sm wine	2014-06-21	4	2014-06-21 10:56:50.279155	2014-06-21 10:56:50.279155
19	Water	2014-06-21	1	2014-06-21 10:57:34.25529	2014-06-21 10:57:34.25529
17	Sm wine	2014-06-21	4	2014-06-21 10:56:37.589505	2014-06-23 10:28:15.854016
\.


--
-- Name: drinks_id_seq; Type: SEQUENCE SET; Schema: public; Owner: rails
--

SELECT pg_catalog.setval('drinks_id_seq', 19, true);


--
-- Data for Name: sales; Type: TABLE DATA; Schema: public; Owner: rails
--

COPY sales (id, drink_id, created_at, updated_at) FROM stdin;
1	1	2014-05-28 17:23:05.654831	2014-05-28 17:23:05.654831
2	1	2014-05-28 17:23:07.214487	2014-05-28 17:23:07.214487
3	2	2014-05-28 17:38:09.168735	2014-05-28 17:38:09.168735
4	2	2014-05-28 17:38:10.009413	2014-05-28 17:38:10.009413
5	3	2014-05-28 17:38:10.978807	2014-05-28 17:38:10.978807
6	3	2014-05-28 17:38:11.775544	2014-05-28 17:38:11.775544
7	3	2014-05-28 17:38:12.05475	2014-05-28 17:38:12.05475
8	3	2014-05-28 17:41:00.916078	2014-05-28 17:41:00.916078
9	2	2014-05-28 17:41:01.573496	2014-05-28 17:41:01.573496
10	1	2014-05-28 17:41:03.321848	2014-05-28 17:41:03.321848
11	2	2014-05-28 17:41:04.685006	2014-05-28 17:41:04.685006
12	3	2014-05-28 17:41:06.232779	2014-05-28 17:41:06.232779
13	2	2014-05-28 17:59:02.056983	2014-05-28 17:59:02.056983
14	3	2014-05-28 17:59:03.415827	2014-05-28 17:59:03.415827
15	1	2014-05-28 17:59:04.404408	2014-05-28 17:59:04.404408
16	1	2014-05-28 18:00:10.172079	2014-05-28 18:00:10.172079
17	2	2014-05-28 18:00:11.154735	2014-05-28 18:00:11.154735
18	3	2014-05-28 18:00:12.350713	2014-05-28 18:00:12.350713
19	3	2014-05-28 18:00:20.45023	2014-05-28 18:00:20.45023
20	1	2014-05-28 18:00:25.760528	2014-05-28 18:00:25.760528
21	1	2014-05-28 18:01:49.925048	2014-05-28 18:01:49.925048
22	2	2014-05-28 18:01:52.004571	2014-05-28 18:01:52.004571
23	1	2014-05-28 18:06:59.372018	2014-05-28 18:06:59.372018
24	2	2014-05-28 18:07:01.267132	2014-05-28 18:07:01.267132
25	2	2014-05-28 18:07:32.798971	2014-05-28 18:07:32.798971
26	1	2014-05-28 18:07:34.359181	2014-05-28 18:07:34.359181
27	3	2014-05-28 18:07:35.919292	2014-05-28 18:07:35.919292
28	3	2014-05-28 18:07:37.338885	2014-05-28 18:07:37.338885
29	1	2014-05-28 18:20:20.050753	2014-05-28 18:20:20.050753
30	1	2014-05-28 18:20:28.018965	2014-05-28 18:20:28.018965
31	2	2014-05-28 18:54:49.551879	2014-05-28 18:54:49.551879
32	2	2014-05-28 19:22:09.935327	2014-05-28 19:22:09.935327
33	2	2014-05-28 20:29:57.410796	2014-05-28 20:29:57.410796
34	2	2014-05-28 20:29:59.08223	2014-05-28 20:29:59.08223
35	2	2014-05-28 20:30:00.130807	2014-05-28 20:30:00.130807
36	3	2014-05-28 20:30:01.595768	2014-05-28 20:30:01.595768
37	1	2014-05-28 20:33:53.772629	2014-05-28 20:33:53.772629
38	2	2014-05-28 20:33:55.457912	2014-05-28 20:33:55.457912
39	3	2014-05-28 20:33:58.381503	2014-05-28 20:33:58.381503
40	3	2014-05-28 20:34:12.37072	2014-05-28 20:34:12.37072
41	2	2014-05-28 20:34:14.180556	2014-05-28 20:34:14.180556
42	1	2014-05-28 20:34:19.411144	2014-05-28 20:34:19.411144
43	3	2014-05-28 20:34:22.503231	2014-05-28 20:34:22.503231
44	2	2014-05-28 20:34:24.729747	2014-05-28 20:34:24.729747
45	1	2014-05-29 13:51:17.561627	2014-05-29 13:51:17.561627
46	2	2014-05-29 13:51:19.563945	2014-05-29 13:51:19.563945
47	3	2014-05-29 13:51:20.926621	2014-05-29 13:51:20.926621
48	3	2014-05-29 13:51:21.761299	2014-05-29 13:51:21.761299
49	1	2014-05-29 13:51:24.741149	2014-05-29 13:51:24.741149
50	1	2014-05-31 12:21:00.984979	2014-05-31 12:21:00.984979
51	2	2014-05-31 12:21:02.53015	2014-05-31 12:21:02.53015
52	3	2014-05-31 12:21:04.045379	2014-05-31 12:21:04.045379
53	4	2014-06-02 10:37:07.457923	2014-06-02 10:37:07.457923
54	5	2014-06-02 10:37:09.120566	2014-06-02 10:37:09.120566
55	5	2014-06-02 10:37:36.866849	2014-06-02 10:37:36.866849
56	4	2014-06-02 10:37:37.99273	2014-06-02 10:37:37.99273
57	4	2014-06-02 10:37:41.367908	2014-06-02 10:37:41.367908
58	4	2014-06-02 10:37:41.609406	2014-06-02 10:37:41.609406
59	5	2014-06-05 11:02:33.595352	2014-06-05 11:02:33.595352
60	4	2014-06-05 11:02:34.664212	2014-06-05 11:02:34.664212
61	4	2014-06-05 11:06:14.569768	2014-06-05 11:06:14.569768
62	4	2014-06-05 11:08:12.566973	2014-06-05 11:08:12.566973
63	5	2014-06-05 11:08:13.290694	2014-06-05 11:08:13.290694
64	5	2014-06-05 11:08:29.170549	2014-06-05 11:08:29.170549
65	5	2014-06-05 11:08:31.906886	2014-06-05 11:08:31.906886
66	4	2014-06-06 07:21:14.97898	2014-06-06 07:21:14.97898
67	5	2014-06-06 07:21:16.369046	2014-06-06 07:21:16.369046
68	5	2014-06-06 07:21:24.899188	2014-06-06 07:21:24.899188
69	6	2014-06-06 10:59:09.872339	2014-06-06 10:59:09.872339
70	9	2014-06-06 11:30:51.738553	2014-06-06 11:30:51.738553
71	9	2014-06-06 11:30:53.371106	2014-06-06 11:30:53.371106
72	4	2014-06-06 11:36:16.883972	2014-06-06 11:36:16.883972
73	5	2014-06-06 11:41:41.125513	2014-06-06 11:41:41.125513
74	5	2014-06-06 11:41:42.820331	2014-06-06 11:41:42.820331
75	4	2014-06-06 11:54:15.802283	2014-06-06 11:54:15.802283
76	4	2014-06-06 11:54:17.543407	2014-06-06 11:54:17.543407
77	9	2014-06-06 11:54:20.150217	2014-06-06 11:54:20.150217
78	9	2014-06-06 11:54:21.867969	2014-06-06 11:54:21.867969
79	6	2014-06-06 11:59:04.376583	2014-06-06 11:59:04.376583
80	5	2014-06-06 12:19:47.898781	2014-06-06 12:19:47.898781
81	10	2014-06-06 12:25:18.528762	2014-06-06 12:25:18.528762
82	5	2014-06-06 12:31:01.08803	2014-06-06 12:31:01.08803
83	5	2014-06-06 12:31:03.712896	2014-06-06 12:31:03.712896
84	9	2014-06-06 12:31:12.638879	2014-06-06 12:31:12.638879
85	6	2014-06-06 12:35:43.745735	2014-06-06 12:35:43.745735
86	10	2014-06-06 12:38:29.630441	2014-06-06 12:38:29.630441
87	5	2014-06-06 12:38:34.213401	2014-06-06 12:38:34.213401
88	5	2014-06-06 12:41:05.068664	2014-06-06 12:41:05.068664
89	5	2014-06-06 12:41:07.990519	2014-06-06 12:41:07.990519
90	8	2014-06-06 12:44:12.956973	2014-06-06 12:44:12.956973
91	5	2014-06-06 12:46:28.35427	2014-06-06 12:46:28.35427
92	5	2014-06-06 12:52:34.191781	2014-06-06 12:52:34.191781
93	4	2014-06-06 12:52:36.594837	2014-06-06 12:52:36.594837
94	7	2014-06-06 13:10:42.628938	2014-06-06 13:10:42.628938
95	7	2014-06-06 13:10:42.638315	2014-06-06 13:10:42.638315
96	4	2014-06-06 13:10:42.699164	2014-06-06 13:10:42.699164
97	7	2014-06-06 13:15:34.082148	2014-06-06 13:15:34.082148
98	7	2014-06-06 13:15:35.950784	2014-06-06 13:15:35.950784
99	4	2014-06-06 13:18:08.659381	2014-06-06 13:18:08.659381
100	4	2014-06-06 13:18:10.863256	2014-06-06 13:18:10.863256
101	8	2014-06-06 13:31:47.477306	2014-06-06 13:31:47.477306
102	7	2014-06-06 13:31:52.754063	2014-06-06 13:31:52.754063
103	6	2014-06-06 13:33:26.711481	2014-06-06 13:33:26.711481
104	4	2014-06-06 13:50:43.250789	2014-06-06 13:50:43.250789
105	5	2014-06-06 13:50:45.507487	2014-06-06 13:50:45.507487
106	4	2014-06-06 13:52:18.675693	2014-06-06 13:52:18.675693
107	6	2014-06-06 13:58:20.472703	2014-06-06 13:58:20.472703
108	6	2014-06-06 13:58:22.861852	2014-06-06 13:58:22.861852
109	6	2014-06-06 14:17:08.736954	2014-06-06 14:17:08.736954
110	6	2014-06-06 14:17:11.474936	2014-06-06 14:17:11.474936
111	6	2014-06-06 14:31:22.693986	2014-06-06 14:31:22.693986
112	4	2014-06-06 14:33:51.63173	2014-06-06 14:33:51.63173
113	6	2014-06-06 14:43:51.945354	2014-06-06 14:43:51.945354
114	6	2014-06-06 14:43:54.322926	2014-06-06 14:43:54.322926
115	6	2014-06-06 14:43:56.441544	2014-06-06 14:43:56.441544
116	6	2014-06-06 14:54:52.699791	2014-06-06 14:54:52.699791
117	6	2014-06-06 15:09:25.173659	2014-06-06 15:09:25.173659
118	4	2014-06-06 15:14:56.846189	2014-06-06 15:14:56.846189
119	4	2014-06-06 15:14:59.716362	2014-06-06 15:14:59.716362
120	4	2014-06-06 15:17:48.103496	2014-06-06 15:17:48.103496
121	4	2014-06-06 15:35:03.633869	2014-06-06 15:35:03.633869
122	4	2014-06-06 15:41:17.104634	2014-06-06 15:41:17.104634
123	6	2014-06-06 15:41:19.916048	2014-06-06 15:41:19.916048
124	6	2014-06-06 15:53:15.877613	2014-06-06 15:53:15.877613
125	6	2014-06-06 15:53:17.73834	2014-06-06 15:53:17.73834
126	5	2014-06-06 15:53:20.30407	2014-06-06 15:53:20.30407
127	5	2014-06-06 15:53:22.048814	2014-06-06 15:53:22.048814
128	6	2014-06-06 15:57:07.952211	2014-06-06 15:57:07.952211
129	4	2014-06-06 15:57:11.415042	2014-06-06 15:57:11.415042
130	5	2014-06-06 15:57:15.443672	2014-06-06 15:57:15.443672
131	9	2014-06-06 15:58:41.651139	2014-06-06 15:58:41.651139
132	5	2014-06-06 15:59:09.54923	2014-06-06 15:59:09.54923
133	5	2014-06-06 16:00:23.582396	2014-06-06 16:00:23.582396
134	5	2014-06-06 16:03:39.812624	2014-06-06 16:03:39.812624
135	4	2014-06-06 16:03:43.060838	2014-06-06 16:03:43.060838
136	4	2014-06-06 16:05:32.421968	2014-06-06 16:05:32.421968
137	6	2014-06-06 16:05:34.403251	2014-06-06 16:05:34.403251
138	6	2014-06-06 16:13:50.353534	2014-06-06 16:13:50.353534
139	6	2014-06-06 16:13:52.786829	2014-06-06 16:13:52.786829
140	6	2014-06-06 16:13:54.846462	2014-06-06 16:13:54.846462
141	5	2014-06-06 16:13:57.070318	2014-06-06 16:13:57.070318
142	7	2014-06-06 16:13:59.637791	2014-06-06 16:13:59.637791
143	4	2014-06-06 16:20:26.125545	2014-06-06 16:20:26.125545
144	4	2014-06-06 16:21:29.598463	2014-06-06 16:21:29.598463
145	4	2014-06-06 16:23:20.001619	2014-06-06 16:23:20.001619
146	5	2014-06-06 16:23:21.810262	2014-06-06 16:23:21.810262
147	4	2014-06-06 16:29:13.952481	2014-06-06 16:29:13.952481
148	5	2014-06-06 16:30:44.361545	2014-06-06 16:30:44.361545
149	5	2014-06-06 16:35:36.240126	2014-06-06 16:35:36.240126
150	6	2014-06-06 16:35:37.906908	2014-06-06 16:35:37.906908
151	6	2014-06-06 16:35:39.589798	2014-06-06 16:35:39.589798
152	6	2014-06-06 16:35:41.334248	2014-06-06 16:35:41.334248
153	5	2014-06-06 16:36:42.847191	2014-06-06 16:36:42.847191
154	5	2014-06-06 16:39:41.004145	2014-06-06 16:39:41.004145
155	5	2014-06-06 16:40:18.980218	2014-06-06 16:40:18.980218
156	6	2014-06-06 16:40:23.57129	2014-06-06 16:40:23.57129
157	5	2014-06-06 16:41:57.814961	2014-06-06 16:41:57.814961
158	4	2014-06-06 16:45:30.549872	2014-06-06 16:45:30.549872
159	4	2014-06-06 16:45:36.768664	2014-06-06 16:45:36.768664
160	6	2014-06-06 16:49:09.803562	2014-06-06 16:49:09.803562
161	4	2014-06-06 16:49:11.796383	2014-06-06 16:49:11.796383
162	4	2014-06-06 16:50:21.10273	2014-06-06 16:50:21.10273
163	4	2014-06-06 16:56:52.498023	2014-06-06 16:56:52.498023
164	6	2014-06-06 16:56:54.297645	2014-06-06 16:56:54.297645
165	4	2014-06-06 16:57:42.864938	2014-06-06 16:57:42.864938
166	8	2014-06-06 16:59:17.281197	2014-06-06 16:59:17.281197
167	8	2014-06-06 16:59:19.119183	2014-06-06 16:59:19.119183
168	7	2014-06-06 17:00:22.056066	2014-06-06 17:00:22.056066
169	10	2014-06-06 17:03:48.739339	2014-06-06 17:03:48.739339
170	10	2014-06-06 17:03:50.613061	2014-06-06 17:03:50.613061
171	4	2014-06-06 17:10:37.18334	2014-06-06 17:10:37.18334
172	4	2014-06-06 17:10:39.028368	2014-06-06 17:10:39.028368
173	4	2014-06-06 17:12:33.420953	2014-06-06 17:12:33.420953
174	4	2014-06-06 17:13:02.114093	2014-06-06 17:13:02.114093
175	4	2014-06-06 17:15:41.267119	2014-06-06 17:15:41.267119
176	6	2014-06-06 17:15:43.236913	2014-06-06 17:15:43.236913
177	4	2014-06-06 17:17:18.726743	2014-06-06 17:17:18.726743
178	6	2014-06-06 17:17:24.27303	2014-06-06 17:17:24.27303
179	7	2014-06-06 17:20:56.358023	2014-06-06 17:20:56.358023
180	7	2014-06-06 17:20:58.408064	2014-06-06 17:20:58.408064
181	4	2014-06-06 17:23:57.68455	2014-06-06 17:23:57.68455
182	4	2014-06-06 17:24:01.010742	2014-06-06 17:24:01.010742
183	8	2014-06-06 17:26:42.0371	2014-06-06 17:26:42.0371
184	8	2014-06-06 17:26:46.615504	2014-06-06 17:26:46.615504
185	6	2014-06-06 17:26:49.526191	2014-06-06 17:26:49.526191
186	5	2014-06-06 17:26:51.342135	2014-06-06 17:26:51.342135
187	4	2014-06-06 17:28:58.726019	2014-06-06 17:28:58.726019
188	6	2014-06-06 17:29:03.766719	2014-06-06 17:29:03.766719
189	5	2014-06-06 17:37:37.976592	2014-06-06 17:37:37.976592
190	5	2014-06-06 17:37:40.510132	2014-06-06 17:37:40.510132
191	6	2014-06-06 17:40:18.368926	2014-06-06 17:40:18.368926
192	6	2014-06-06 17:40:20.31367	2014-06-06 17:40:20.31367
193	5	2014-06-06 17:40:22.691647	2014-06-06 17:40:22.691647
194	5	2014-06-06 17:40:25.066656	2014-06-06 17:40:25.066656
195	4	2014-06-06 17:40:27.24293	2014-06-06 17:40:27.24293
196	4	2014-06-06 17:40:30.248668	2014-06-06 17:40:30.248668
197	4	2014-06-06 17:42:02.589604	2014-06-06 17:42:02.589604
198	4	2014-06-06 17:44:50.596663	2014-06-06 17:44:50.596663
199	4	2014-06-06 17:44:53.239804	2014-06-06 17:44:53.239804
200	4	2014-06-06 17:44:55.550231	2014-06-06 17:44:55.550231
201	4	2014-06-06 17:44:59.871567	2014-06-06 17:44:59.871567
202	10	2014-06-06 17:46:17.617166	2014-06-06 17:46:17.617166
203	10	2014-06-06 17:46:20.958977	2014-06-06 17:46:20.958977
204	10	2014-06-06 17:46:23.276976	2014-06-06 17:46:23.276976
205	4	2014-06-06 17:49:03.661976	2014-06-06 17:49:03.661976
206	4	2014-06-06 17:49:05.594285	2014-06-06 17:49:05.594285
207	4	2014-06-06 17:51:58.93353	2014-06-06 17:51:58.93353
208	6	2014-06-06 17:52:55.164382	2014-06-06 17:52:55.164382
209	4	2014-06-06 17:52:57.494626	2014-06-06 17:52:57.494626
210	4	2014-06-06 17:52:59.663987	2014-06-06 17:52:59.663987
211	4	2014-06-06 17:53:01.678169	2014-06-06 17:53:01.678169
212	5	2014-06-06 17:53:03.714073	2014-06-06 17:53:03.714073
213	7	2014-06-06 17:53:05.599227	2014-06-06 17:53:05.599227
214	6	2014-06-06 17:53:46.73005	2014-06-06 17:53:46.73005
215	4	2014-06-06 17:55:11.409463	2014-06-06 17:55:11.409463
216	10	2014-06-06 17:55:14.009081	2014-06-06 17:55:14.009081
217	5	2014-06-06 17:56:39.973906	2014-06-06 17:56:39.973906
218	10	2014-06-06 17:57:59.884713	2014-06-06 17:57:59.884713
219	10	2014-06-06 17:58:02.178716	2014-06-06 17:58:02.178716
220	10	2014-06-06 17:58:04.622481	2014-06-06 17:58:04.622481
221	10	2014-06-06 17:58:06.769198	2014-06-06 17:58:06.769198
222	7	2014-06-06 17:58:09.772432	2014-06-06 17:58:09.772432
223	5	2014-06-06 17:58:53.947278	2014-06-06 17:58:53.947278
224	4	2014-06-06 17:58:55.881159	2014-06-06 17:58:55.881159
225	5	2014-06-06 18:03:16.489713	2014-06-06 18:03:16.489713
226	4	2014-06-06 18:03:18.795243	2014-06-06 18:03:18.795243
227	4	2014-06-06 18:03:21.010813	2014-06-06 18:03:21.010813
228	6	2014-06-06 18:03:22.805603	2014-06-06 18:03:22.805603
229	6	2014-06-06 18:03:24.83345	2014-06-06 18:03:24.83345
230	6	2014-06-06 18:03:25.529062	2014-06-06 18:03:25.529062
231	6	2014-06-06 18:04:14.680419	2014-06-06 18:04:14.680419
232	5	2014-06-06 18:06:15.485315	2014-06-06 18:06:15.485315
233	5	2014-06-06 18:06:18.226633	2014-06-06 18:06:18.226633
234	4	2014-06-06 18:10:19.971057	2014-06-06 18:10:19.971057
235	5	2014-06-06 18:10:21.740562	2014-06-06 18:10:21.740562
236	10	2014-06-06 18:10:36.207957	2014-06-06 18:10:36.207957
237	6	2014-06-06 18:21:37.171448	2014-06-06 18:21:37.171448
238	6	2014-06-06 18:21:46.996015	2014-06-06 18:21:46.996015
239	7	2014-06-06 18:23:18.070141	2014-06-06 18:23:18.070141
240	4	2014-06-06 18:23:20.669787	2014-06-06 18:23:20.669787
241	4	2014-06-06 18:24:53.832291	2014-06-06 18:24:53.832291
242	5	2014-06-06 18:26:05.657998	2014-06-06 18:26:05.657998
243	5	2014-06-06 18:26:30.058364	2014-06-06 18:26:30.058364
244	5	2014-06-06 18:26:31.920143	2014-06-06 18:26:31.920143
245	5	2014-06-06 18:26:33.862002	2014-06-06 18:26:33.862002
246	4	2014-06-06 18:26:35.552774	2014-06-06 18:26:35.552774
247	6	2014-06-06 18:26:37.241017	2014-06-06 18:26:37.241017
248	6	2014-06-06 18:26:39.074849	2014-06-06 18:26:39.074849
249	6	2014-06-06 18:27:37.573509	2014-06-06 18:27:37.573509
250	4	2014-06-06 18:29:03.321488	2014-06-06 18:29:03.321488
251	4	2014-06-06 18:29:05.020152	2014-06-06 18:29:05.020152
252	6	2014-06-06 18:30:56.260464	2014-06-06 18:30:56.260464
253	6	2014-06-06 18:31:01.235715	2014-06-06 18:31:01.235715
254	5	2014-06-06 18:33:14.897492	2014-06-06 18:33:14.897492
255	5	2014-06-06 18:33:18.000386	2014-06-06 18:33:18.000386
256	7	2014-06-06 18:34:16.228462	2014-06-06 18:34:16.228462
257	7	2014-06-06 18:34:18.198951	2014-06-06 18:34:18.198951
258	4	2014-06-06 18:36:14.991017	2014-06-06 18:36:14.991017
259	5	2014-06-06 18:36:16.730307	2014-06-06 18:36:16.730307
260	8	2014-06-06 18:37:39.60152	2014-06-06 18:37:39.60152
261	4	2014-06-06 18:39:07.344719	2014-06-06 18:39:07.344719
262	6	2014-06-06 18:39:07.629147	2014-06-06 18:39:07.629147
263	5	2014-06-06 18:39:11.801691	2014-06-06 18:39:11.801691
264	5	2014-06-06 18:39:15.534506	2014-06-06 18:39:15.534506
265	6	2014-06-06 18:39:22.02116	2014-06-06 18:39:22.02116
266	5	2014-06-06 18:40:18.084239	2014-06-06 18:40:18.084239
267	6	2014-06-06 18:42:27.310139	2014-06-06 18:42:27.310139
268	5	2014-06-06 18:42:32.099907	2014-06-06 18:42:32.099907
269	6	2014-06-06 18:42:35.627358	2014-06-06 18:42:35.627358
270	4	2014-06-06 18:42:36.686808	2014-06-06 18:42:36.686808
271	6	2014-06-06 18:42:37.544251	2014-06-06 18:42:37.544251
272	4	2014-06-06 18:43:37.727527	2014-06-06 18:43:37.727527
273	6	2014-06-06 18:47:07.093433	2014-06-06 18:47:07.093433
274	6	2014-06-06 18:47:08.909908	2014-06-06 18:47:08.909908
275	7	2014-06-06 18:47:12.017497	2014-06-06 18:47:12.017497
276	7	2014-06-06 18:47:16.814799	2014-06-06 18:47:16.814799
277	9	2014-06-06 18:48:40.634893	2014-06-06 18:48:40.634893
278	4	2014-06-06 18:52:43.048627	2014-06-06 18:52:43.048627
279	4	2014-06-06 19:01:57.58145	2014-06-06 19:01:57.58145
280	4	2014-06-06 19:01:59.297539	2014-06-06 19:01:59.297539
281	6	2014-06-06 19:02:01.150012	2014-06-06 19:02:01.150012
282	6	2014-06-06 19:02:02.884657	2014-06-06 19:02:02.884657
283	5	2014-06-06 19:02:28.276732	2014-06-06 19:02:28.276732
284	5	2014-06-06 19:02:31.615998	2014-06-06 19:02:31.615998
285	6	2014-06-06 19:02:34.23239	2014-06-06 19:02:34.23239
286	7	2014-06-06 19:03:00.535697	2014-06-06 19:03:00.535697
287	4	2014-06-06 19:03:22.350636	2014-06-06 19:03:22.350636
288	6	2014-06-06 19:03:39.898165	2014-06-06 19:03:39.898165
289	5	2014-06-06 19:04:31.804937	2014-06-06 19:04:31.804937
290	6	2014-06-06 19:04:55.938989	2014-06-06 19:04:55.938989
291	4	2014-06-06 19:04:57.964896	2014-06-06 19:04:57.964896
292	4	2014-06-06 19:06:10.348651	2014-06-06 19:06:10.348651
293	7	2014-06-06 19:06:16.534913	2014-06-06 19:06:16.534913
294	6	2014-06-06 19:07:09.106505	2014-06-06 19:07:09.106505
295	4	2014-06-06 19:07:12.743476	2014-06-06 19:07:12.743476
296	4	2014-06-06 19:07:14.643278	2014-06-06 19:07:14.643278
297	6	2014-06-06 19:08:28.995642	2014-06-06 19:08:28.995642
298	5	2014-06-06 19:08:33.390985	2014-06-06 19:08:33.390985
299	5	2014-06-06 19:08:35.730793	2014-06-06 19:08:35.730793
300	5	2014-06-06 19:09:45.236333	2014-06-06 19:09:45.236333
301	6	2014-06-06 19:11:01.76013	2014-06-06 19:11:01.76013
302	7	2014-06-06 19:11:45.416437	2014-06-06 19:11:45.416437
303	5	2014-06-06 19:14:37.935209	2014-06-06 19:14:37.935209
304	5	2014-06-06 19:14:40.500512	2014-06-06 19:14:40.500512
305	6	2014-06-06 19:15:02.707947	2014-06-06 19:15:02.707947
306	6	2014-06-06 19:15:04.577616	2014-06-06 19:15:04.577616
307	6	2014-06-06 19:16:52.594462	2014-06-06 19:16:52.594462
308	7	2014-06-06 19:16:56.264532	2014-06-06 19:16:56.264532
309	10	2014-06-06 19:17:45.420387	2014-06-06 19:17:45.420387
310	4	2014-06-06 19:17:51.080514	2014-06-06 19:17:51.080514
311	5	2014-06-06 19:17:53.339423	2014-06-06 19:17:53.339423
312	7	2014-06-06 19:18:49.780644	2014-06-06 19:18:49.780644
313	7	2014-06-06 19:18:51.814835	2014-06-06 19:18:51.814835
314	6	2014-06-06 19:20:02.995731	2014-06-06 19:20:02.995731
315	6	2014-06-06 19:20:04.986169	2014-06-06 19:20:04.986169
316	4	2014-06-06 19:23:40.399034	2014-06-06 19:23:40.399034
317	7	2014-06-06 19:23:42.956547	2014-06-06 19:23:42.956547
318	4	2014-06-06 19:24:57.773632	2014-06-06 19:24:57.773632
319	4	2014-06-06 19:26:26.581388	2014-06-06 19:26:26.581388
320	6	2014-06-06 19:33:29.029239	2014-06-06 19:33:29.029239
321	6	2014-06-06 19:34:41.152885	2014-06-06 19:34:41.152885
322	5	2014-06-06 19:34:47.17156	2014-06-06 19:34:47.17156
323	4	2014-06-06 19:35:36.955441	2014-06-06 19:35:36.955441
324	4	2014-06-06 19:35:37.193196	2014-06-06 19:35:37.193196
325	4	2014-06-06 19:36:32.440148	2014-06-06 19:36:32.440148
326	8	2014-06-06 19:36:52.159152	2014-06-06 19:36:52.159152
327	5	2014-06-06 19:37:05.975641	2014-06-06 19:37:05.975641
328	10	2014-06-06 19:38:03.249798	2014-06-06 19:38:03.249798
329	4	2014-06-06 19:38:10.750445	2014-06-06 19:38:10.750445
330	4	2014-06-06 19:38:12.730384	2014-06-06 19:38:12.730384
331	4	2014-06-06 19:38:15.130053	2014-06-06 19:38:15.130053
332	4	2014-06-06 19:40:46.509562	2014-06-06 19:40:46.509562
333	6	2014-06-06 19:40:48.265982	2014-06-06 19:40:48.265982
334	4	2014-06-06 19:42:00.420671	2014-06-06 19:42:00.420671
335	4	2014-06-06 19:42:30.081378	2014-06-06 19:42:30.081378
336	5	2014-06-06 19:44:10.495691	2014-06-06 19:44:10.495691
337	6	2014-06-06 19:44:12.241982	2014-06-06 19:44:12.241982
338	6	2014-06-06 19:44:13.937786	2014-06-06 19:44:13.937786
339	6	2014-06-06 19:44:15.702496	2014-06-06 19:44:15.702496
340	7	2014-06-06 19:44:40.620137	2014-06-06 19:44:40.620137
341	7	2014-06-06 19:44:42.475456	2014-06-06 19:44:42.475456
342	4	2014-06-06 19:46:08.144474	2014-06-06 19:46:08.144474
343	4	2014-06-06 19:46:21.501561	2014-06-06 19:46:21.501561
344	4	2014-06-06 19:46:25.631291	2014-06-06 19:46:25.631291
345	5	2014-06-06 19:48:25.778378	2014-06-06 19:48:25.778378
346	7	2014-06-06 19:48:33.946085	2014-06-06 19:48:33.946085
347	7	2014-06-06 19:49:46.192335	2014-06-06 19:49:46.192335
348	7	2014-06-06 19:50:26.635347	2014-06-06 19:50:26.635347
349	7	2014-06-06 19:50:30.451447	2014-06-06 19:50:30.451447
350	4	2014-06-06 19:53:45.511987	2014-06-06 19:53:45.511987
351	5	2014-06-06 19:53:48.505116	2014-06-06 19:53:48.505116
352	4	2014-06-06 19:56:29.545235	2014-06-06 19:56:29.545235
353	4	2014-06-06 19:56:32.372581	2014-06-06 19:56:32.372581
354	5	2014-06-06 19:58:30.070971	2014-06-06 19:58:30.070971
355	7	2014-06-06 19:58:48.682257	2014-06-06 19:58:48.682257
356	5	2014-06-06 20:01:31.89609	2014-06-06 20:01:31.89609
357	5	2014-06-06 20:01:35.379297	2014-06-06 20:01:35.379297
358	5	2014-06-06 20:01:38.015738	2014-06-06 20:01:38.015738
359	4	2014-06-06 20:03:13.881166	2014-06-06 20:03:13.881166
360	4	2014-06-06 20:03:18.784408	2014-06-06 20:03:18.784408
361	5	2014-06-06 20:03:21.642125	2014-06-06 20:03:21.642125
362	8	2014-06-06 20:03:59.516402	2014-06-06 20:03:59.516402
363	7	2014-06-06 20:04:33.756811	2014-06-06 20:04:33.756811
364	5	2014-06-06 20:04:38.455816	2014-06-06 20:04:38.455816
365	4	2014-06-06 20:05:29.79047	2014-06-06 20:05:29.79047
366	8	2014-06-06 20:08:21.654522	2014-06-06 20:08:21.654522
367	8	2014-06-06 20:08:23.416747	2014-06-06 20:08:23.416747
368	5	2014-06-06 20:11:50.369979	2014-06-06 20:11:50.369979
369	6	2014-06-06 20:11:52.156549	2014-06-06 20:11:52.156549
370	4	2014-06-06 20:11:53.889542	2014-06-06 20:11:53.889542
371	4	2014-06-06 20:15:20.389263	2014-06-06 20:15:20.389263
372	4	2014-06-06 20:15:22.259886	2014-06-06 20:15:22.259886
373	5	2014-06-06 20:15:28.110049	2014-06-06 20:15:28.110049
374	4	2014-06-06 20:17:01.693089	2014-06-06 20:17:01.693089
375	4	2014-06-06 20:17:03.688279	2014-06-06 20:17:03.688279
376	4	2014-06-06 20:18:04.996978	2014-06-06 20:18:04.996978
377	4	2014-06-06 20:18:08.607257	2014-06-06 20:18:08.607257
378	4	2014-06-06 20:18:11.796598	2014-06-06 20:18:11.796598
379	4	2014-06-06 20:18:13.776614	2014-06-06 20:18:13.776614
380	5	2014-06-06 20:18:15.651336	2014-06-06 20:18:15.651336
381	4	2014-06-06 20:21:35.009436	2014-06-06 20:21:35.009436
382	6	2014-06-06 20:21:37.796226	2014-06-06 20:21:37.796226
383	8	2014-06-06 20:23:56.881379	2014-06-06 20:23:56.881379
384	6	2014-06-06 20:24:18.015744	2014-06-06 20:24:18.015744
385	4	2014-06-06 20:24:35.943709	2014-06-06 20:24:35.943709
386	6	2014-06-06 20:26:41.438136	2014-06-06 20:26:41.438136
387	6	2014-06-06 20:26:43.178906	2014-06-06 20:26:43.178906
388	6	2014-06-06 20:26:44.972349	2014-06-06 20:26:44.972349
389	6	2014-06-06 20:26:46.721019	2014-06-06 20:26:46.721019
390	6	2014-06-06 20:26:48.423978	2014-06-06 20:26:48.423978
391	6	2014-06-06 20:26:50.200945	2014-06-06 20:26:50.200945
392	4	2014-06-06 20:27:47.767213	2014-06-06 20:27:47.767213
393	7	2014-06-06 20:28:39.668931	2014-06-06 20:28:39.668931
394	7	2014-06-06 20:28:41.441038	2014-06-06 20:28:41.441038
395	4	2014-06-06 20:29:52.186985	2014-06-06 20:29:52.186985
396	4	2014-06-06 20:29:54.705721	2014-06-06 20:29:54.705721
397	4	2014-06-06 20:29:56.334996	2014-06-06 20:29:56.334996
398	4	2014-06-06 20:29:57.994868	2014-06-06 20:29:57.994868
399	8	2014-06-06 20:31:36.447543	2014-06-06 20:31:36.447543
400	4	2014-06-07 11:03:25.059433	2014-06-07 11:03:25.059433
401	9	2014-06-07 11:15:52.957204	2014-06-07 11:15:52.957204
402	9	2014-06-07 11:15:54.941108	2014-06-07 11:15:54.941108
403	4	2014-06-07 11:18:04.004315	2014-06-07 11:18:04.004315
404	4	2014-06-07 11:18:05.785889	2014-06-07 11:18:05.785889
405	5	2014-06-07 11:18:07.518975	2014-06-07 11:18:07.518975
406	8	2014-06-07 11:18:54.928491	2014-06-07 11:18:54.928491
407	8	2014-06-07 11:18:57.227841	2014-06-07 11:18:57.227841
408	9	2014-06-07 11:22:20.338984	2014-06-07 11:22:20.338984
409	9	2014-06-07 11:22:22.820681	2014-06-07 11:22:22.820681
410	9	2014-06-07 11:22:24.702207	2014-06-07 11:22:24.702207
411	9	2014-06-07 11:22:26.883106	2014-06-07 11:22:26.883106
412	9	2014-06-07 11:22:28.61017	2014-06-07 11:22:28.61017
413	11	2014-06-07 11:43:58.086974	2014-06-07 11:43:58.086974
414	11	2014-06-07 12:05:48.846106	2014-06-07 12:05:48.846106
415	6	2014-06-07 12:05:52.021652	2014-06-07 12:05:52.021652
416	7	2014-06-07 12:25:08.472661	2014-06-07 12:25:08.472661
417	6	2014-06-07 12:33:22.877284	2014-06-07 12:33:22.877284
418	5	2014-06-07 12:37:37.543952	2014-06-07 12:37:37.543952
419	6	2014-06-07 12:37:39.26395	2014-06-07 12:37:39.26395
420	4	2014-06-07 12:37:40.950744	2014-06-07 12:37:40.950744
421	7	2014-06-07 12:37:45.510309	2014-06-07 12:37:45.510309
422	4	2014-06-07 12:40:45.667279	2014-06-07 12:40:45.667279
423	5	2014-06-07 12:40:47.437148	2014-06-07 12:40:47.437148
424	8	2014-06-07 12:46:21.970066	2014-06-07 12:46:21.970066
425	8	2014-06-07 12:46:49.509088	2014-06-07 12:46:49.509088
426	5	2014-06-07 12:52:46.479049	2014-06-07 12:52:46.479049
427	5	2014-06-07 12:52:48.421908	2014-06-07 12:52:48.421908
428	4	2014-06-07 12:52:55.094063	2014-06-07 12:52:55.094063
429	5	2014-06-07 12:53:01.197206	2014-06-07 12:53:01.197206
430	6	2014-06-07 12:59:11.280585	2014-06-07 12:59:11.280585
431	4	2014-06-07 12:59:12.984806	2014-06-07 12:59:12.984806
432	5	2014-06-07 12:59:14.64389	2014-06-07 12:59:14.64389
433	5	2014-06-07 12:59:16.346181	2014-06-07 12:59:16.346181
434	4	2014-06-07 12:59:50.580837	2014-06-07 12:59:50.580837
435	4	2014-06-07 12:59:53.418879	2014-06-07 12:59:53.418879
436	9	2014-06-07 12:59:56.357315	2014-06-07 12:59:56.357315
437	4	2014-06-07 13:01:37.506364	2014-06-07 13:01:37.506364
438	5	2014-06-07 13:01:40.288271	2014-06-07 13:01:40.288271
439	5	2014-06-07 13:03:13.9393	2014-06-07 13:03:13.9393
440	4	2014-06-07 13:03:18.874959	2014-06-07 13:03:18.874959
441	4	2014-06-07 13:10:53.998679	2014-06-07 13:10:53.998679
442	6	2014-06-07 13:10:55.881869	2014-06-07 13:10:55.881869
443	5	2014-06-07 13:11:28.593378	2014-06-07 13:11:28.593378
444	11	2014-06-07 13:16:17.787068	2014-06-07 13:16:17.787068
445	5	2014-06-07 13:19:38.323762	2014-06-07 13:19:38.323762
446	5	2014-06-07 13:19:40.30211	2014-06-07 13:19:40.30211
447	11	2014-06-07 13:20:37.863726	2014-06-07 13:20:37.863726
448	11	2014-06-07 13:20:40.208084	2014-06-07 13:20:40.208084
449	11	2014-06-07 13:24:02.013274	2014-06-07 13:24:02.013274
450	4	2014-06-07 13:26:54.856425	2014-06-07 13:26:54.856425
451	5	2014-06-07 13:26:56.938741	2014-06-07 13:26:56.938741
452	6	2014-06-07 13:27:00.387755	2014-06-07 13:27:00.387755
453	4	2014-06-07 13:32:09.77325	2014-06-07 13:32:09.77325
454	4	2014-06-07 13:32:52.377359	2014-06-07 13:32:52.377359
455	11	2014-06-07 13:33:22.721516	2014-06-07 13:33:22.721516
456	9	2014-06-07 13:33:50.010715	2014-06-07 13:33:50.010715
457	9	2014-06-07 13:33:51.824628	2014-06-07 13:33:51.824628
458	9	2014-06-07 13:33:53.425456	2014-06-07 13:33:53.425456
459	5	2014-06-07 13:33:56.003753	2014-06-07 13:33:56.003753
460	9	2014-06-07 13:33:58.547663	2014-06-07 13:33:58.547663
461	9	2014-06-07 13:37:42.160806	2014-06-07 13:37:42.160806
462	9	2014-06-07 13:37:44.471354	2014-06-07 13:37:44.471354
463	4	2014-06-07 13:45:26.150189	2014-06-07 13:45:26.150189
464	6	2014-06-07 13:45:28.087929	2014-06-07 13:45:28.087929
465	6	2014-06-07 13:47:55.46302	2014-06-07 13:47:55.46302
466	5	2014-06-07 13:49:03.603303	2014-06-07 13:49:03.603303
467	5	2014-06-07 13:54:20.185835	2014-06-07 13:54:20.185835
468	6	2014-06-07 13:54:23.157447	2014-06-07 13:54:23.157447
469	4	2014-06-07 13:59:12.479394	2014-06-07 13:59:12.479394
470	4	2014-06-07 13:59:15.229827	2014-06-07 13:59:15.229827
471	5	2014-06-07 13:59:16.916442	2014-06-07 13:59:16.916442
472	4	2014-06-07 14:02:37.296485	2014-06-07 14:02:37.296485
473	4	2014-06-07 14:02:38.951364	2014-06-07 14:02:38.951364
474	4	2014-06-07 14:04:37.769834	2014-06-07 14:04:37.769834
475	5	2014-06-07 14:04:39.465674	2014-06-07 14:04:39.465674
476	4	2014-06-07 14:06:12.60984	2014-06-07 14:06:12.60984
477	4	2014-06-07 14:06:14.213966	2014-06-07 14:06:14.213966
478	6	2014-06-07 14:07:23.434985	2014-06-07 14:07:23.434985
479	9	2014-06-07 14:08:47.723429	2014-06-07 14:08:47.723429
480	9	2014-06-07 14:08:49.464301	2014-06-07 14:08:49.464301
481	11	2014-06-07 14:08:51.096277	2014-06-07 14:08:51.096277
482	7	2014-06-07 14:08:53.78668	2014-06-07 14:08:53.78668
483	11	2014-06-07 14:10:27.679041	2014-06-07 14:10:27.679041
484	11	2014-06-07 14:10:48.81477	2014-06-07 14:10:48.81477
485	9	2014-06-07 14:10:53.11822	2014-06-07 14:10:53.11822
486	9	2014-06-07 14:10:55.803921	2014-06-07 14:10:55.803921
487	9	2014-06-07 14:10:57.982816	2014-06-07 14:10:57.982816
488	4	2014-06-07 14:13:50.878694	2014-06-07 14:13:50.878694
489	5	2014-06-07 14:13:52.910693	2014-06-07 14:13:52.910693
490	6	2014-06-07 14:13:54.743516	2014-06-07 14:13:54.743516
491	6	2014-06-07 14:13:56.487068	2014-06-07 14:13:56.487068
492	6	2014-06-07 14:13:58.139254	2014-06-07 14:13:58.139254
493	11	2014-06-07 14:19:05.803783	2014-06-07 14:19:05.803783
494	11	2014-06-07 14:19:07.770062	2014-06-07 14:19:07.770062
495	5	2014-06-07 14:29:06.010359	2014-06-07 14:29:06.010359
496	5	2014-06-07 14:29:07.862226	2014-06-07 14:29:07.862226
497	5	2014-06-07 14:34:02.843289	2014-06-07 14:34:02.843289
498	5	2014-06-07 14:35:30.436279	2014-06-07 14:35:30.436279
499	9	2014-06-07 14:35:45.322998	2014-06-07 14:35:45.322998
500	8	2014-06-07 14:37:10.543591	2014-06-07 14:37:10.543591
501	11	2014-06-07 14:38:51.392582	2014-06-07 14:38:51.392582
502	6	2014-06-07 14:38:54.812941	2014-06-07 14:38:54.812941
503	5	2014-06-07 14:39:17.89604	2014-06-07 14:39:17.89604
504	11	2014-06-07 14:42:09.493447	2014-06-07 14:42:09.493447
505	4	2014-06-07 14:42:21.100167	2014-06-07 14:42:21.100167
506	11	2014-06-07 14:42:25.072249	2014-06-07 14:42:25.072249
507	6	2014-06-07 14:45:58.869558	2014-06-07 14:45:58.869558
508	6	2014-06-07 14:46:00.643198	2014-06-07 14:46:00.643198
509	6	2014-06-07 14:46:02.223346	2014-06-07 14:46:02.223346
510	6	2014-06-07 14:46:04.202419	2014-06-07 14:46:04.202419
511	5	2014-06-07 14:47:39.508802	2014-06-07 14:47:39.508802
512	11	2014-06-07 14:50:12.609901	2014-06-07 14:50:12.609901
513	11	2014-06-07 14:50:14.793528	2014-06-07 14:50:14.793528
514	5	2014-06-07 14:50:18.509898	2014-06-07 14:50:18.509898
515	7	2014-06-07 14:50:29.226215	2014-06-07 14:50:29.226215
516	5	2014-06-07 14:59:21.056484	2014-06-07 14:59:21.056484
517	5	2014-06-07 14:59:23.160374	2014-06-07 14:59:23.160374
518	4	2014-06-07 15:03:54.002915	2014-06-07 15:03:54.002915
519	4	2014-06-07 15:03:55.783285	2014-06-07 15:03:55.783285
520	4	2014-06-07 15:08:04.656019	2014-06-07 15:08:04.656019
521	5	2014-06-07 15:08:06.726599	2014-06-07 15:08:06.726599
522	5	2014-06-07 15:08:10.215854	2014-06-07 15:08:10.215854
523	10	2014-06-07 15:19:17.432521	2014-06-07 15:19:17.432521
524	10	2014-06-07 15:19:19.205233	2014-06-07 15:19:19.205233
525	4	2014-06-07 15:19:22.163487	2014-06-07 15:19:22.163487
526	4	2014-06-07 15:21:11.168854	2014-06-07 15:21:11.168854
527	8	2014-06-07 15:22:56.313081	2014-06-07 15:22:56.313081
528	6	2014-06-07 15:41:57.19933	2014-06-07 15:41:57.19933
529	4	2014-06-07 15:41:58.831049	2014-06-07 15:41:58.831049
530	4	2014-06-07 15:42:01.386149	2014-06-07 15:42:01.386149
531	6	2014-06-07 15:43:48.068668	2014-06-07 15:43:48.068668
532	6	2014-06-07 15:43:49.738144	2014-06-07 15:43:49.738144
533	7	2014-06-07 15:44:18.743998	2014-06-07 15:44:18.743998
534	7	2014-06-07 15:44:38.345265	2014-06-07 15:44:38.345265
535	8	2014-06-07 15:45:56.966367	2014-06-07 15:45:56.966367
536	11	2014-06-07 15:47:37.132695	2014-06-07 15:47:37.132695
537	11	2014-06-07 15:51:23.230035	2014-06-07 15:51:23.230035
538	6	2014-06-07 15:54:42.454866	2014-06-07 15:54:42.454866
539	6	2014-06-07 15:54:44.332267	2014-06-07 15:54:44.332267
540	5	2014-06-07 16:00:13.543254	2014-06-07 16:00:13.543254
541	5	2014-06-07 16:02:56.812932	2014-06-07 16:02:56.812932
542	5	2014-06-07 16:06:33.394734	2014-06-07 16:06:33.394734
543	6	2014-06-07 16:06:36.372187	2014-06-07 16:06:36.372187
544	6	2014-06-07 16:15:44.464101	2014-06-07 16:15:44.464101
545	6	2014-06-07 16:15:46.232513	2014-06-07 16:15:46.232513
546	5	2014-06-07 16:17:23.714414	2014-06-07 16:17:23.714414
547	4	2014-06-07 16:19:31.396018	2014-06-07 16:19:31.396018
548	11	2014-06-07 16:19:37.482205	2014-06-07 16:19:37.482205
549	6	2014-06-07 16:19:41.147751	2014-06-07 16:19:41.147751
550	11	2014-06-07 16:21:12.361569	2014-06-07 16:21:12.361569
551	9	2014-06-07 16:21:14.514801	2014-06-07 16:21:14.514801
552	6	2014-06-07 16:23:57.56466	2014-06-07 16:23:57.56466
553	11	2014-06-07 16:24:06.779985	2014-06-07 16:24:06.779985
554	11	2014-06-07 16:24:08.594582	2014-06-07 16:24:08.594582
555	6	2014-06-07 16:25:35.565269	2014-06-07 16:25:35.565269
556	4	2014-06-07 16:36:37.22595	2014-06-07 16:36:37.22595
557	5	2014-06-07 16:36:39.007683	2014-06-07 16:36:39.007683
558	5	2014-06-07 16:36:41.82225	2014-06-07 16:36:41.82225
559	6	2014-06-07 16:36:44.85589	2014-06-07 16:36:44.85589
560	6	2014-06-07 16:38:39.828622	2014-06-07 16:38:39.828622
561	6	2014-06-07 16:38:41.731091	2014-06-07 16:38:41.731091
562	4	2014-06-07 16:39:29.93518	2014-06-07 16:39:29.93518
563	6	2014-06-07 16:41:01.156184	2014-06-07 16:41:01.156184
564	6	2014-06-07 16:41:02.949769	2014-06-07 16:41:02.949769
565	4	2014-06-07 16:41:46.503587	2014-06-07 16:41:46.503587
566	6	2014-06-07 16:42:28.43737	2014-06-07 16:42:28.43737
567	5	2014-06-07 16:48:48.358338	2014-06-07 16:48:48.358338
568	9	2014-06-07 16:49:05.504962	2014-06-07 16:49:05.504962
569	4	2014-06-07 16:49:39.17932	2014-06-07 16:49:39.17932
570	4	2014-06-07 16:49:40.943604	2014-06-07 16:49:40.943604
571	5	2014-06-07 17:17:41.024491	2014-06-07 17:17:41.024491
572	5	2014-06-07 17:17:42.722207	2014-06-07 17:17:42.722207
573	5	2014-06-07 17:17:44.333647	2014-06-07 17:17:44.333647
574	5	2014-06-07 17:17:45.946047	2014-06-07 17:17:45.946047
575	5	2014-06-07 17:23:44.188014	2014-06-07 17:23:44.188014
576	5	2014-06-07 17:23:48.105643	2014-06-07 17:23:48.105643
577	4	2014-06-07 17:25:23.888399	2014-06-07 17:25:23.888399
578	9	2014-06-07 17:25:27.055324	2014-06-07 17:25:27.055324
579	7	2014-06-07 17:25:58.622492	2014-06-07 17:25:58.622492
580	5	2014-06-07 17:30:46.661335	2014-06-07 17:30:46.661335
581	5	2014-06-07 17:30:48.797142	2014-06-07 17:30:48.797142
582	10	2014-06-07 17:30:53.105569	2014-06-07 17:30:53.105569
583	4	2014-06-07 18:02:10.8207	2014-06-07 18:02:10.8207
584	4	2014-06-07 18:02:12.858573	2014-06-07 18:02:12.858573
585	4	2014-06-07 18:02:14.627461	2014-06-07 18:02:14.627461
586	5	2014-06-07 18:05:40.041152	2014-06-07 18:05:40.041152
587	5	2014-06-07 18:05:41.981851	2014-06-07 18:05:41.981851
588	7	2014-06-07 18:05:48.100923	2014-06-07 18:05:48.100923
589	7	2014-06-07 18:05:49.870739	2014-06-07 18:05:49.870739
590	9	2014-06-07 18:06:08.970819	2014-06-07 18:06:08.970819
591	4	2014-06-07 18:06:57.892031	2014-06-07 18:06:57.892031
592	4	2014-06-07 18:08:05.938661	2014-06-07 18:08:05.938661
593	9	2014-06-07 18:08:10.064077	2014-06-07 18:08:10.064077
594	9	2014-06-07 18:08:11.901972	2014-06-07 18:08:11.901972
595	5	2014-06-07 18:09:44.539491	2014-06-07 18:09:44.539491
596	4	2014-06-07 18:10:42.708546	2014-06-07 18:10:42.708546
597	6	2014-06-07 18:10:57.735444	2014-06-07 18:10:57.735444
598	6	2014-06-07 18:10:59.52805	2014-06-07 18:10:59.52805
599	4	2014-06-07 18:11:01.320773	2014-06-07 18:11:01.320773
600	5	2014-06-07 18:12:54.56062	2014-06-07 18:12:54.56062
601	5	2014-06-07 18:12:56.456018	2014-06-07 18:12:56.456018
602	6	2014-06-07 18:15:45.208044	2014-06-07 18:15:45.208044
603	4	2014-06-07 18:15:47.091547	2014-06-07 18:15:47.091547
604	4	2014-06-07 18:24:18.066674	2014-06-07 18:24:18.066674
605	7	2014-06-07 18:24:20.290599	2014-06-07 18:24:20.290599
606	9	2014-06-07 18:24:33.096634	2014-06-07 18:24:33.096634
607	7	2014-06-07 18:40:51.246047	2014-06-07 18:40:51.246047
608	7	2014-06-07 18:40:52.961382	2014-06-07 18:40:52.961382
609	4	2014-06-07 18:46:41.62552	2014-06-07 18:46:41.62552
610	4	2014-06-07 18:46:43.36787	2014-06-07 18:46:43.36787
611	5	2014-06-07 18:46:45.089741	2014-06-07 18:46:45.089741
612	5	2014-06-07 18:46:46.851795	2014-06-07 18:46:46.851795
613	5	2014-06-07 18:47:49.63043	2014-06-07 18:47:49.63043
614	7	2014-06-07 18:49:26.486773	2014-06-07 18:49:26.486773
615	4	2014-06-07 18:56:45.537997	2014-06-07 18:56:45.537997
616	4	2014-06-07 18:56:47.393739	2014-06-07 18:56:47.393739
617	5	2014-06-07 18:58:24.813068	2014-06-07 18:58:24.813068
618	6	2014-06-07 18:58:26.631736	2014-06-07 18:58:26.631736
619	4	2014-06-07 19:01:04.509908	2014-06-07 19:01:04.509908
620	4	2014-06-08 11:03:01.429672	2014-06-08 11:03:01.429672
621	11	2014-06-08 11:18:53.310079	2014-06-08 11:18:53.310079
622	11	2014-06-08 11:18:55.603889	2014-06-08 11:18:55.603889
623	11	2014-06-08 11:18:57.612029	2014-06-08 11:18:57.612029
624	4	2014-06-08 11:19:00.43249	2014-06-08 11:19:00.43249
625	5	2014-06-08 11:19:02.402662	2014-06-08 11:19:02.402662
626	11	2014-06-08 11:24:13.307306	2014-06-08 11:24:13.307306
627	11	2014-06-08 11:24:15.127232	2014-06-08 11:24:15.127232
628	9	2014-06-08 11:42:23.548739	2014-06-08 11:42:23.548739
629	5	2014-06-08 11:45:55.652078	2014-06-08 11:45:55.652078
630	6	2014-06-08 11:46:05.693279	2014-06-08 11:46:05.693279
631	6	2014-06-08 11:50:18.193475	2014-06-08 11:50:18.193475
632	9	2014-06-08 11:52:03.421869	2014-06-08 11:52:03.421869
633	9	2014-06-08 11:52:05.112954	2014-06-08 11:52:05.112954
634	11	2014-06-08 11:57:40.238644	2014-06-08 11:57:40.238644
635	4	2014-06-08 11:57:43.126935	2014-06-08 11:57:43.126935
636	4	2014-06-08 11:57:46.217868	2014-06-08 11:57:46.217868
637	4	2014-06-08 11:57:51.984515	2014-06-08 11:57:51.984515
638	11	2014-06-08 11:57:55.104188	2014-06-08 11:57:55.104188
639	9	2014-06-08 12:01:21.447098	2014-06-08 12:01:21.447098
640	9	2014-06-08 12:01:23.153959	2014-06-08 12:01:23.153959
641	9	2014-06-08 12:03:12.280122	2014-06-08 12:03:12.280122
642	9	2014-06-08 12:03:14.040274	2014-06-08 12:03:14.040274
643	4	2014-06-08 12:03:16.542837	2014-06-08 12:03:16.542837
644	11	2014-06-08 12:07:29.379632	2014-06-08 12:07:29.379632
645	6	2014-06-08 12:15:25.126587	2014-06-08 12:15:25.126587
646	5	2014-06-08 12:15:26.869135	2014-06-08 12:15:26.869135
647	4	2014-06-08 12:17:08.013756	2014-06-08 12:17:08.013756
648	4	2014-06-08 12:20:40.226899	2014-06-08 12:20:40.226899
649	11	2014-06-08 12:20:50.860378	2014-06-08 12:20:50.860378
650	11	2014-06-08 12:20:52.529591	2014-06-08 12:20:52.529591
651	4	2014-06-08 12:22:46.507589	2014-06-08 12:22:46.507589
652	4	2014-06-08 12:22:48.048388	2014-06-08 12:22:48.048388
653	4	2014-06-08 12:22:49.669808	2014-06-08 12:22:49.669808
654	4	2014-06-08 12:25:34.75818	2014-06-08 12:25:34.75818
655	4	2014-06-08 12:25:36.335028	2014-06-08 12:25:36.335028
656	5	2014-06-08 12:25:38.060473	2014-06-08 12:25:38.060473
657	4	2014-06-08 12:25:43.699381	2014-06-08 12:25:43.699381
658	5	2014-06-08 12:28:03.120505	2014-06-08 12:28:03.120505
659	11	2014-06-08 12:28:05.977397	2014-06-08 12:28:05.977397
660	4	2014-06-08 12:29:02.741138	2014-06-08 12:29:02.741138
661	4	2014-06-08 12:29:04.429304	2014-06-08 12:29:04.429304
662	4	2014-06-08 12:29:06.221432	2014-06-08 12:29:06.221432
663	4	2014-06-08 12:31:52.880519	2014-06-08 12:31:52.880519
664	4	2014-06-08 12:40:55.720639	2014-06-08 12:40:55.720639
665	4	2014-06-08 12:42:09.235697	2014-06-08 12:42:09.235697
666	5	2014-06-08 12:48:11.993865	2014-06-08 12:48:11.993865
667	6	2014-06-08 12:48:13.727907	2014-06-08 12:48:13.727907
668	11	2014-06-08 12:48:18.711261	2014-06-08 12:48:18.711261
669	11	2014-06-08 12:48:20.301049	2014-06-08 12:48:20.301049
670	4	2014-06-08 12:48:24.349179	2014-06-08 12:48:24.349179
671	4	2014-06-08 12:48:26.174759	2014-06-08 12:48:26.174759
672	6	2014-06-08 12:48:28.519514	2014-06-08 12:48:28.519514
673	6	2014-06-08 12:53:49.590596	2014-06-08 12:53:49.590596
674	6	2014-06-08 12:53:51.222582	2014-06-08 12:53:51.222582
675	5	2014-06-08 12:53:53.145164	2014-06-08 12:53:53.145164
676	11	2014-06-08 12:57:38.129894	2014-06-08 12:57:38.129894
677	11	2014-06-08 13:02:20.160846	2014-06-08 13:02:20.160846
678	11	2014-06-08 13:02:21.984528	2014-06-08 13:02:21.984528
679	4	2014-06-08 13:02:24.882408	2014-06-08 13:02:24.882408
680	4	2014-06-08 13:02:26.465513	2014-06-08 13:02:26.465513
681	4	2014-06-08 13:02:28.107955	2014-06-08 13:02:28.107955
682	5	2014-06-08 13:05:38.421318	2014-06-08 13:05:38.421318
683	6	2014-06-08 13:05:39.630522	2014-06-08 13:05:39.630522
684	4	2014-06-08 13:06:51.363902	2014-06-08 13:06:51.363902
685	5	2014-06-08 13:06:53.411461	2014-06-08 13:06:53.411461
686	4	2014-06-08 13:09:43.492211	2014-06-08 13:09:43.492211
687	5	2014-06-08 13:09:45.184617	2014-06-08 13:09:45.184617
688	8	2014-06-08 13:11:16.97454	2014-06-08 13:11:16.97454
689	8	2014-06-08 13:11:18.678087	2014-06-08 13:11:18.678087
690	5	2014-06-08 13:12:17.555272	2014-06-08 13:12:17.555272
691	11	2014-06-08 13:12:43.946435	2014-06-08 13:12:43.946435
692	11	2014-06-08 13:12:59.737018	2014-06-08 13:12:59.737018
693	5	2014-06-08 13:14:16.392146	2014-06-08 13:14:16.392146
694	4	2014-06-08 13:16:30.579093	2014-06-08 13:16:30.579093
695	4	2014-06-08 13:16:32.630909	2014-06-08 13:16:32.630909
696	4	2014-06-08 13:17:31.893916	2014-06-08 13:17:31.893916
697	4	2014-06-08 13:17:34.854658	2014-06-08 13:17:34.854658
698	6	2014-06-08 13:19:34.48581	2014-06-08 13:19:34.48581
699	4	2014-06-08 13:19:36.344025	2014-06-08 13:19:36.344025
700	5	2014-06-08 13:23:49.043617	2014-06-08 13:23:49.043617
701	5	2014-06-08 13:23:50.817652	2014-06-08 13:23:50.817652
702	5	2014-06-08 13:25:54.88047	2014-06-08 13:25:54.88047
703	5	2014-06-08 13:25:56.618011	2014-06-08 13:25:56.618011
704	5	2014-06-08 13:26:02.224498	2014-06-08 13:26:02.224498
705	4	2014-06-08 13:28:23.158421	2014-06-08 13:28:23.158421
706	4	2014-06-08 13:31:27.414736	2014-06-08 13:31:27.414736
707	5	2014-06-08 13:31:29.212382	2014-06-08 13:31:29.212382
708	4	2014-06-08 13:33:47.340707	2014-06-08 13:33:47.340707
709	5	2014-06-08 13:33:48.965519	2014-06-08 13:33:48.965519
710	4	2014-06-08 13:34:30.095856	2014-06-08 13:34:30.095856
711	4	2014-06-08 13:34:32.688063	2014-06-08 13:34:32.688063
712	4	2014-06-08 13:34:36.064637	2014-06-08 13:34:36.064637
713	5	2014-06-08 13:34:41.584006	2014-06-08 13:34:41.584006
714	8	2014-06-08 13:34:51.389663	2014-06-08 13:34:51.389663
715	11	2014-06-08 13:34:55.916708	2014-06-08 13:34:55.916708
716	4	2014-06-08 13:35:55.266576	2014-06-08 13:35:55.266576
717	4	2014-06-08 13:36:01.384071	2014-06-08 13:36:01.384071
718	5	2014-06-08 13:37:24.330994	2014-06-08 13:37:24.330994
719	8	2014-06-08 13:38:42.867119	2014-06-08 13:38:42.867119
720	11	2014-06-08 13:38:52.888656	2014-06-08 13:38:52.888656
721	6	2014-06-08 13:39:05.361327	2014-06-08 13:39:05.361327
722	4	2014-06-08 13:40:02.983517	2014-06-08 13:40:02.983517
723	4	2014-06-08 13:40:04.798807	2014-06-08 13:40:04.798807
724	4	2014-06-08 13:40:06.3846	2014-06-08 13:40:06.3846
725	4	2014-06-08 13:40:07.97774	2014-06-08 13:40:07.97774
726	4	2014-06-08 13:40:09.640641	2014-06-08 13:40:09.640641
727	4	2014-06-08 13:40:11.526963	2014-06-08 13:40:11.526963
728	6	2014-06-08 13:43:03.818669	2014-06-08 13:43:03.818669
729	6	2014-06-08 13:43:05.542312	2014-06-08 13:43:05.542312
730	4	2014-06-08 13:43:15.291405	2014-06-08 13:43:15.291405
731	5	2014-06-08 13:43:16.69026	2014-06-08 13:43:16.69026
732	4	2014-06-08 13:43:47.974237	2014-06-08 13:43:47.974237
733	5	2014-06-08 13:45:36.680218	2014-06-08 13:45:36.680218
734	11	2014-06-08 13:45:40.259646	2014-06-08 13:45:40.259646
735	5	2014-06-08 13:46:08.18387	2014-06-08 13:46:08.18387
736	5	2014-06-08 13:46:09.858879	2014-06-08 13:46:09.858879
737	5	2014-06-08 13:49:54.057378	2014-06-08 13:49:54.057378
738	4	2014-06-08 13:49:55.721619	2014-06-08 13:49:55.721619
739	4	2014-06-08 13:50:36.30085	2014-06-08 13:50:36.30085
740	4	2014-06-08 13:50:39.885118	2014-06-08 13:50:39.885118
741	6	2014-06-08 13:50:41.792236	2014-06-08 13:50:41.792236
742	5	2014-06-08 13:51:37.49816	2014-06-08 13:51:37.49816
743	6	2014-06-08 13:56:30.042171	2014-06-08 13:56:30.042171
744	6	2014-06-08 13:59:41.254559	2014-06-08 13:59:41.254559
745	4	2014-06-08 13:59:42.930579	2014-06-08 13:59:42.930579
746	6	2014-06-08 14:02:36.405739	2014-06-08 14:02:36.405739
747	6	2014-06-08 14:02:38.052587	2014-06-08 14:02:38.052587
748	6	2014-06-08 14:04:55.342479	2014-06-08 14:04:55.342479
749	5	2014-06-08 14:04:57.113124	2014-06-08 14:04:57.113124
750	5	2014-06-08 14:04:58.676885	2014-06-08 14:04:58.676885
751	4	2014-06-08 14:07:00.872837	2014-06-08 14:07:00.872837
752	5	2014-06-08 14:07:02.612094	2014-06-08 14:07:02.612094
753	5	2014-06-08 14:08:58.797882	2014-06-08 14:08:58.797882
754	11	2014-06-08 14:09:01.403551	2014-06-08 14:09:01.403551
755	6	2014-06-08 14:09:36.689747	2014-06-08 14:09:36.689747
756	8	2014-06-08 14:09:39.261154	2014-06-08 14:09:39.261154
757	11	2014-06-08 14:10:23.919374	2014-06-08 14:10:23.919374
758	6	2014-06-08 14:11:36.883118	2014-06-08 14:11:36.883118
759	6	2014-06-08 14:12:40.171065	2014-06-08 14:12:40.171065
760	6	2014-06-08 14:14:38.178982	2014-06-08 14:14:38.178982
761	4	2014-06-08 14:14:44.323091	2014-06-08 14:14:44.323091
762	6	2014-06-08 14:14:48.498153	2014-06-08 14:14:48.498153
763	5	2014-06-08 14:14:49.929013	2014-06-08 14:14:49.929013
764	6	2014-06-08 14:15:30.349781	2014-06-08 14:15:30.349781
765	6	2014-06-08 14:17:09.243328	2014-06-08 14:17:09.243328
766	6	2014-06-08 14:17:54.789996	2014-06-08 14:17:54.789996
767	5	2014-06-08 14:17:56.826783	2014-06-08 14:17:56.826783
768	6	2014-06-08 14:17:58.616535	2014-06-08 14:17:58.616535
769	6	2014-06-08 14:22:43.378324	2014-06-08 14:22:43.378324
770	7	2014-06-08 14:26:02.744855	2014-06-08 14:26:02.744855
771	7	2014-06-08 14:26:04.432063	2014-06-08 14:26:04.432063
772	11	2014-06-08 14:28:32.926786	2014-06-08 14:28:32.926786
773	11	2014-06-08 14:28:34.593076	2014-06-08 14:28:34.593076
774	7	2014-06-08 14:31:16.054188	2014-06-08 14:31:16.054188
775	7	2014-06-08 14:31:17.737752	2014-06-08 14:31:17.737752
776	7	2014-06-08 14:33:07.531063	2014-06-08 14:33:07.531063
777	6	2014-06-08 14:34:04.298646	2014-06-08 14:34:04.298646
778	5	2014-06-08 14:34:05.94729	2014-06-08 14:34:05.94729
779	6	2014-06-08 14:34:09.116467	2014-06-08 14:34:09.116467
780	6	2014-06-08 14:34:10.766281	2014-06-08 14:34:10.766281
781	11	2014-06-08 14:35:42.391053	2014-06-08 14:35:42.391053
782	6	2014-06-08 14:37:38.082591	2014-06-08 14:37:38.082591
783	6	2014-06-08 14:37:39.919138	2014-06-08 14:37:39.919138
784	8	2014-06-08 14:39:53.464126	2014-06-08 14:39:53.464126
785	8	2014-06-08 14:39:55.316547	2014-06-08 14:39:55.316547
786	9	2014-06-08 14:39:56.954038	2014-06-08 14:39:56.954038
787	9	2014-06-08 14:39:58.822802	2014-06-08 14:39:58.822802
788	4	2014-06-08 14:41:34.837692	2014-06-08 14:41:34.837692
789	7	2014-06-08 14:41:36.701898	2014-06-08 14:41:36.701898
790	6	2014-06-08 14:44:23.630969	2014-06-08 14:44:23.630969
791	4	2014-06-08 14:44:26.97032	2014-06-08 14:44:26.97032
792	6	2014-06-08 14:46:11.737739	2014-06-08 14:46:11.737739
793	6	2014-06-08 14:47:54.731628	2014-06-08 14:47:54.731628
794	5	2014-06-08 14:50:16.035121	2014-06-08 14:50:16.035121
795	5	2014-06-08 14:50:27.624468	2014-06-08 14:50:27.624468
796	4	2014-06-08 14:50:29.178804	2014-06-08 14:50:29.178804
797	11	2014-06-08 14:50:32.59433	2014-06-08 14:50:32.59433
798	4	2014-06-08 14:52:15.69565	2014-06-08 14:52:15.69565
799	4	2014-06-08 14:52:17.222509	2014-06-08 14:52:17.222509
800	4	2014-06-08 14:52:18.893046	2014-06-08 14:52:18.893046
801	11	2014-06-08 14:52:32.916217	2014-06-08 14:52:32.916217
802	4	2014-06-08 14:54:08.034401	2014-06-08 14:54:08.034401
803	4	2014-06-08 14:54:12.909152	2014-06-08 14:54:12.909152
804	5	2014-06-08 14:54:14.671633	2014-06-08 14:54:14.671633
805	4	2014-06-08 14:54:17.724106	2014-06-08 14:54:17.724106
806	11	2014-06-08 14:55:10.6136	2014-06-08 14:55:10.6136
807	4	2014-06-08 14:55:13.698766	2014-06-08 14:55:13.698766
808	5	2014-06-08 14:56:43.924597	2014-06-08 14:56:43.924597
809	7	2014-06-08 14:59:17.411291	2014-06-08 14:59:17.411291
810	8	2014-06-08 14:59:20.146475	2014-06-08 14:59:20.146475
811	6	2014-06-08 14:59:50.331167	2014-06-08 14:59:50.331167
812	6	2014-06-08 14:59:51.981862	2014-06-08 14:59:51.981862
813	6	2014-06-08 14:59:53.874555	2014-06-08 14:59:53.874555
814	6	2014-06-08 15:01:49.050191	2014-06-08 15:01:49.050191
815	5	2014-06-08 15:02:20.51117	2014-06-08 15:02:20.51117
816	5	2014-06-08 15:05:54.634976	2014-06-08 15:05:54.634976
817	11	2014-06-08 15:10:00.260217	2014-06-08 15:10:00.260217
818	4	2014-06-08 15:11:16.558059	2014-06-08 15:11:16.558059
819	4	2014-06-08 15:12:28.804373	2014-06-08 15:12:28.804373
820	11	2014-06-08 15:12:31.628951	2014-06-08 15:12:31.628951
821	4	2014-06-08 15:13:27.78403	2014-06-08 15:13:27.78403
822	5	2014-06-08 15:13:49.53514	2014-06-08 15:13:49.53514
823	4	2014-06-08 15:13:53.086387	2014-06-08 15:13:53.086387
824	5	2014-06-08 15:14:59.359445	2014-06-08 15:14:59.359445
825	11	2014-06-08 15:18:37.588723	2014-06-08 15:18:37.588723
826	11	2014-06-08 15:18:39.39998	2014-06-08 15:18:39.39998
827	6	2014-06-08 15:20:51.164814	2014-06-08 15:20:51.164814
828	11	2014-06-08 15:20:53.617331	2014-06-08 15:20:53.617331
829	5	2014-06-08 15:23:07.487044	2014-06-08 15:23:07.487044
830	5	2014-06-08 15:23:13.979596	2014-06-08 15:23:13.979596
831	5	2014-06-08 15:27:45.692028	2014-06-08 15:27:45.692028
832	7	2014-06-08 15:28:21.163701	2014-06-08 15:28:21.163701
833	6	2014-06-08 15:30:22.302784	2014-06-08 15:30:22.302784
834	5	2014-06-08 15:40:07.616776	2014-06-08 15:40:07.616776
835	5	2014-06-08 15:40:09.459712	2014-06-08 15:40:09.459712
836	7	2014-06-08 15:41:47.841935	2014-06-08 15:41:47.841935
837	7	2014-06-08 15:41:50.202202	2014-06-08 15:41:50.202202
838	8	2014-06-08 15:46:29.1205	2014-06-08 15:46:29.1205
839	8	2014-06-08 15:46:32.235767	2014-06-08 15:46:32.235767
840	5	2014-06-08 15:53:57.297561	2014-06-08 15:53:57.297561
841	5	2014-06-08 15:53:58.917325	2014-06-08 15:53:58.917325
842	5	2014-06-08 15:54:11.186371	2014-06-08 15:54:11.186371
843	5	2014-06-08 15:54:12.782381	2014-06-08 15:54:12.782381
844	5	2014-06-08 15:54:14.388874	2014-06-08 15:54:14.388874
845	5	2014-06-08 15:57:12.906928	2014-06-08 15:57:12.906928
846	5	2014-06-08 15:57:14.484178	2014-06-08 15:57:14.484178
847	6	2014-06-08 16:06:15.420166	2014-06-08 16:06:15.420166
848	7	2014-06-08 16:06:39.899994	2014-06-08 16:06:39.899994
849	7	2014-06-08 16:06:41.609267	2014-06-08 16:06:41.609267
850	7	2014-06-08 16:06:43.307201	2014-06-08 16:06:43.307201
851	6	2014-06-08 16:06:50.019596	2014-06-08 16:06:50.019596
852	6	2014-06-08 16:18:15.518283	2014-06-08 16:18:15.518283
853	7	2014-06-08 16:18:17.34994	2014-06-08 16:18:17.34994
854	7	2014-06-08 16:19:41.070033	2014-06-08 16:19:41.070033
855	6	2014-06-08 16:20:28.103395	2014-06-08 16:20:28.103395
856	6	2014-06-08 16:20:47.010567	2014-06-08 16:20:47.010567
857	6	2014-06-08 16:28:16.635333	2014-06-08 16:28:16.635333
858	6	2014-06-08 16:28:18.301713	2014-06-08 16:28:18.301713
859	9	2014-06-08 16:34:27.347314	2014-06-08 16:34:27.347314
860	7	2014-06-08 16:42:26.140259	2014-06-08 16:42:26.140259
861	7	2014-06-08 16:44:25.03537	2014-06-08 16:44:25.03537
862	7	2014-06-08 16:45:01.840129	2014-06-08 16:45:01.840129
863	7	2014-06-08 16:45:22.673397	2014-06-08 16:45:22.673397
864	6	2014-06-08 16:46:48.13843	2014-06-08 16:46:48.13843
865	7	2014-06-08 16:47:23.366135	2014-06-08 16:47:23.366135
866	6	2014-06-08 17:04:13.911001	2014-06-08 17:04:13.911001
867	6	2014-06-08 17:04:15.707198	2014-06-08 17:04:15.707198
868	9	2014-06-08 21:04:35.093628	2014-06-08 21:04:35.093628
869	4	2014-06-10 11:11:24.763221	2014-06-10 11:11:24.763221
870	6	2014-06-10 11:11:26.551334	2014-06-10 11:11:26.551334
871	8	2014-06-10 11:11:28.252204	2014-06-10 11:11:28.252204
872	7	2014-06-10 11:11:29.945302	2014-06-10 11:11:29.945302
873	6	2014-06-10 11:11:30.922267	2014-06-10 11:11:30.922267
874	6	2014-06-13 12:35:10.591632	2014-06-13 12:35:10.591632
875	8	2014-06-13 12:35:12.110463	2014-06-13 12:35:12.110463
876	6	2014-06-13 15:08:42.920374	2014-06-13 15:08:42.920374
877	6	2014-06-16 16:20:44.771958	2014-06-16 16:20:44.771958
880	17	2014-06-21 10:57:10.814948	2014-06-21 10:57:10.814948
881	18	2014-06-21 10:57:11.889667	2014-06-21 10:57:11.889667
882	15	2014-06-21 11:09:38.686729	2014-06-21 11:09:38.686729
883	15	2014-06-21 11:09:40.175014	2014-06-21 11:09:40.175014
884	15	2014-06-21 11:09:41.367126	2014-06-21 11:09:41.367126
885	15	2014-06-21 11:09:43.976912	2014-06-21 11:09:43.976912
886	15	2014-06-21 11:09:45.199181	2014-06-21 11:09:45.199181
887	15	2014-06-21 11:13:03.817052	2014-06-21 11:13:03.817052
888	15	2014-06-21 11:13:05.161041	2014-06-21 11:13:05.161041
889	15	2014-06-21 11:13:06.464873	2014-06-21 11:13:06.464873
890	16	2014-06-21 11:13:08.945689	2014-06-21 11:13:08.945689
891	15	2014-06-21 11:18:07.333803	2014-06-21 11:18:07.333803
892	15	2014-06-21 11:18:08.489444	2014-06-21 11:18:08.489444
893	15	2014-06-21 11:18:09.988079	2014-06-21 11:18:09.988079
894	15	2014-06-21 11:18:11.246342	2014-06-21 11:18:11.246342
895	16	2014-06-21 11:18:15.457591	2014-06-21 11:18:15.457591
896	15	2014-06-21 11:25:47.571709	2014-06-21 11:25:47.571709
897	15	2014-06-21 11:25:52.790352	2014-06-21 11:25:52.790352
898	15	2014-06-21 11:37:02.916338	2014-06-21 11:37:02.916338
899	15	2014-06-21 11:37:04.737318	2014-06-21 11:37:04.737318
900	13	2014-06-21 11:41:41.860162	2014-06-21 11:41:41.860162
901	15	2014-06-21 11:44:12.554208	2014-06-21 11:44:12.554208
902	15	2014-06-21 11:44:13.480215	2014-06-21 11:44:13.480215
903	15	2014-06-21 11:44:14.918925	2014-06-21 11:44:14.918925
904	15	2014-06-21 11:46:19.255157	2014-06-21 11:46:19.255157
905	15	2014-06-21 11:52:32.158644	2014-06-21 11:52:32.158644
906	15	2014-06-21 11:52:33.105355	2014-06-21 11:52:33.105355
907	15	2014-06-21 11:52:34.927163	2014-06-21 11:52:34.927163
908	17	2014-06-21 11:52:38.023031	2014-06-21 11:52:38.023031
909	13	2014-06-21 11:56:46.260191	2014-06-21 11:56:46.260191
910	16	2014-06-21 12:00:22.449447	2014-06-21 12:00:22.449447
911	16	2014-06-21 12:00:23.970413	2014-06-21 12:00:23.970413
912	13	2014-06-21 12:00:28.417267	2014-06-21 12:00:28.417267
913	13	2014-06-21 12:01:19.197705	2014-06-21 12:01:19.197705
914	15	2014-06-21 12:05:16.74935	2014-06-21 12:05:16.74935
915	15	2014-06-21 12:05:18.198614	2014-06-21 12:05:18.198614
916	14	2014-06-21 12:09:26.311794	2014-06-21 12:09:26.311794
917	15	2014-06-21 12:10:03.11443	2014-06-21 12:10:03.11443
918	16	2014-06-21 12:11:48.627237	2014-06-21 12:11:48.627237
919	16	2014-06-21 12:11:49.862038	2014-06-21 12:11:49.862038
920	15	2014-06-21 12:25:35.36706	2014-06-21 12:25:35.36706
921	14	2014-06-21 12:25:36.824148	2014-06-21 12:25:36.824148
922	13	2014-06-21 12:30:01.522623	2014-06-21 12:30:01.522623
923	15	2014-06-21 12:30:03.044776	2014-06-21 12:30:03.044776
924	16	2014-06-21 12:31:57.907505	2014-06-21 12:31:57.907505
925	14	2014-06-21 12:32:55.232659	2014-06-21 12:32:55.232659
926	14	2014-06-21 12:32:56.942585	2014-06-21 12:32:56.942585
927	15	2014-06-21 12:38:17.669566	2014-06-21 12:38:17.669566
928	15	2014-06-21 12:38:19.07763	2014-06-21 12:38:19.07763
929	15	2014-06-21 12:38:20.649015	2014-06-21 12:38:20.649015
930	15	2014-06-21 12:38:22.366147	2014-06-21 12:38:22.366147
931	14	2014-06-21 12:40:22.129277	2014-06-21 12:40:22.129277
932	14	2014-06-21 12:45:37.619878	2014-06-21 12:45:37.619878
933	15	2014-06-21 12:45:40.657858	2014-06-21 12:45:40.657858
934	16	2014-06-21 12:45:42.600762	2014-06-21 12:45:42.600762
935	14	2014-06-21 12:49:43.281775	2014-06-21 12:49:43.281775
936	15	2014-06-21 12:49:44.119134	2014-06-21 12:49:44.119134
937	14	2014-06-21 12:52:00.508452	2014-06-21 12:52:00.508452
938	14	2014-06-21 12:52:01.945166	2014-06-21 12:52:01.945166
939	14	2014-06-21 12:54:22.036053	2014-06-21 12:54:22.036053
940	15	2014-06-21 12:54:25.321032	2014-06-21 12:54:25.321032
941	15	2014-06-21 12:54:28.876638	2014-06-21 12:54:28.876638
942	17	2014-06-21 13:05:27.169351	2014-06-21 13:05:27.169351
943	17	2014-06-21 13:05:27.861684	2014-06-21 13:05:27.861684
944	17	2014-06-21 13:05:29.02867	2014-06-21 13:05:29.02867
945	15	2014-06-21 13:05:30.42727	2014-06-21 13:05:30.42727
946	16	2014-06-21 13:05:33.093092	2014-06-21 13:05:33.093092
947	15	2014-06-21 13:09:02.036234	2014-06-21 13:09:02.036234
948	15	2014-06-21 13:09:03.32611	2014-06-21 13:09:03.32611
949	16	2014-06-21 13:09:05.221899	2014-06-21 13:09:05.221899
950	15	2014-06-21 13:09:20.023375	2014-06-21 13:09:20.023375
951	15	2014-06-21 13:09:21.074297	2014-06-21 13:09:21.074297
952	14	2014-06-21 13:09:22.499525	2014-06-21 13:09:22.499525
953	15	2014-06-21 13:09:49.835852	2014-06-21 13:09:49.835852
954	14	2014-06-21 13:17:49.131115	2014-06-21 13:17:49.131115
955	14	2014-06-21 13:17:50.53618	2014-06-21 13:17:50.53618
956	14	2014-06-21 13:17:51.961873	2014-06-21 13:17:51.961873
957	15	2014-06-21 13:17:53.478133	2014-06-21 13:17:53.478133
958	17	2014-06-21 13:24:48.612812	2014-06-21 13:24:48.612812
959	17	2014-06-21 13:24:49.616464	2014-06-21 13:24:49.616464
960	14	2014-06-21 13:24:51.368958	2014-06-21 13:24:51.368958
961	14	2014-06-21 13:24:52.639257	2014-06-21 13:24:52.639257
962	13	2014-06-21 13:24:54.247645	2014-06-21 13:24:54.247645
963	13	2014-06-21 13:24:55.926037	2014-06-21 13:24:55.926037
964	14	2014-06-21 13:33:01.839345	2014-06-21 13:33:01.839345
965	15	2014-06-21 13:33:03.219602	2014-06-21 13:33:03.219602
966	14	2014-06-21 13:33:18.066066	2014-06-21 13:33:18.066066
967	16	2014-06-21 13:33:19.444636	2014-06-21 13:33:19.444636
968	13	2014-06-21 13:40:59.740177	2014-06-21 13:40:59.740177
969	15	2014-06-21 13:44:10.778991	2014-06-21 13:44:10.778991
970	16	2014-06-21 13:44:12.652859	2014-06-21 13:44:12.652859
971	16	2014-06-21 13:44:14.085312	2014-06-21 13:44:14.085312
972	16	2014-06-21 13:44:20.619582	2014-06-21 13:44:20.619582
973	15	2014-06-21 13:46:22.376126	2014-06-21 13:46:22.376126
974	16	2014-06-21 13:46:23.829447	2014-06-21 13:46:23.829447
975	15	2014-06-21 13:47:50.183497	2014-06-21 13:47:50.183497
976	16	2014-06-21 13:47:52.828852	2014-06-21 13:47:52.828852
977	13	2014-06-21 13:53:24.272206	2014-06-21 13:53:24.272206
978	14	2014-06-21 13:53:25.589736	2014-06-21 13:53:25.589736
979	16	2014-06-21 13:54:13.333422	2014-06-21 13:54:13.333422
980	16	2014-06-21 13:54:14.734457	2014-06-21 13:54:14.734457
981	15	2014-06-21 13:58:14.285507	2014-06-21 13:58:14.285507
982	15	2014-06-21 14:00:50.894889	2014-06-21 14:00:50.894889
983	15	2014-06-21 14:00:52.136735	2014-06-21 14:00:52.136735
984	15	2014-06-21 14:00:53.348759	2014-06-21 14:00:53.348759
985	14	2014-06-21 14:02:32.448273	2014-06-21 14:02:32.448273
986	13	2014-06-21 14:05:50.171025	2014-06-21 14:05:50.171025
987	13	2014-06-21 14:05:51.49124	2014-06-21 14:05:51.49124
988	13	2014-06-21 14:05:52.769287	2014-06-21 14:05:52.769287
989	14	2014-06-21 14:07:35.832475	2014-06-21 14:07:35.832475
990	15	2014-06-21 14:07:38.13221	2014-06-21 14:07:38.13221
991	15	2014-06-21 14:08:36.810923	2014-06-21 14:08:36.810923
992	15	2014-06-21 14:08:38.038805	2014-06-21 14:08:38.038805
993	14	2014-06-21 14:10:18.446272	2014-06-21 14:10:18.446272
994	15	2014-06-21 14:14:13.946702	2014-06-21 14:14:13.946702
995	15	2014-06-21 14:14:16.698041	2014-06-21 14:14:16.698041
996	16	2014-06-21 14:14:17.845226	2014-06-21 14:14:17.845226
997	18	2014-06-21 14:17:48.462009	2014-06-21 14:17:48.462009
998	15	2014-06-21 14:18:40.954289	2014-06-21 14:18:40.954289
999	15	2014-06-21 14:18:42.840977	2014-06-21 14:18:42.840977
1000	13	2014-06-21 14:26:42.295669	2014-06-21 14:26:42.295669
1001	16	2014-06-21 14:26:45.376327	2014-06-21 14:26:45.376327
1002	16	2014-06-21 14:26:46.858715	2014-06-21 14:26:46.858715
1003	16	2014-06-21 14:30:08.079583	2014-06-21 14:30:08.079583
1004	13	2014-06-21 14:30:10.355637	2014-06-21 14:30:10.355637
1005	15	2014-06-21 14:34:07.860887	2014-06-21 14:34:07.860887
1006	17	2014-06-21 14:42:30.167765	2014-06-21 14:42:30.167765
1007	15	2014-06-21 14:52:56.479329	2014-06-21 14:52:56.479329
1008	15	2014-06-21 14:52:58.156302	2014-06-21 14:52:58.156302
1009	14	2014-06-21 14:53:00.023679	2014-06-21 14:53:00.023679
1010	16	2014-06-21 14:58:33.092182	2014-06-21 14:58:33.092182
1011	16	2014-06-21 14:58:34.445581	2014-06-21 14:58:34.445581
1012	16	2014-06-21 14:58:35.731215	2014-06-21 14:58:35.731215
1013	18	2014-06-21 15:01:50.770887	2014-06-21 15:01:50.770887
1014	19	2014-06-21 15:01:51.997581	2014-06-21 15:01:51.997581
1015	14	2014-06-21 15:01:54.028384	2014-06-21 15:01:54.028384
1016	13	2014-06-21 15:04:00.990389	2014-06-21 15:04:00.990389
1017	15	2014-06-21 15:08:00.666284	2014-06-21 15:08:00.666284
1018	15	2014-06-21 15:08:01.734626	2014-06-21 15:08:01.734626
1019	15	2014-06-21 15:09:03.0132	2014-06-21 15:09:03.0132
1020	15	2014-06-21 15:09:04.301529	2014-06-21 15:09:04.301529
1021	15	2014-06-21 15:09:08.004268	2014-06-21 15:09:08.004268
1022	15	2014-06-21 15:09:09.418479	2014-06-21 15:09:09.418479
1023	17	2014-06-21 15:11:50.43911	2014-06-21 15:11:50.43911
1024	15	2014-06-21 15:12:47.404101	2014-06-21 15:12:47.404101
1025	16	2014-06-21 15:14:33.216809	2014-06-21 15:14:33.216809
1026	15	2014-06-21 15:18:35.277857	2014-06-21 15:18:35.277857
1027	15	2014-06-21 15:18:37.21691	2014-06-21 15:18:37.21691
1028	14	2014-06-21 15:25:36.209917	2014-06-21 15:25:36.209917
1029	15	2014-06-21 15:27:27.652817	2014-06-21 15:27:27.652817
1030	14	2014-06-21 15:27:29.798473	2014-06-21 15:27:29.798473
1031	15	2014-06-21 15:36:52.494665	2014-06-21 15:36:52.494665
1032	15	2014-06-21 15:36:53.854023	2014-06-21 15:36:53.854023
1033	14	2014-06-21 15:36:55.535183	2014-06-21 15:36:55.535183
1034	14	2014-06-21 15:36:56.788009	2014-06-21 15:36:56.788009
1035	17	2014-06-21 15:39:01.068664	2014-06-21 15:39:01.068664
1036	14	2014-06-21 15:42:02.470853	2014-06-21 15:42:02.470853
1037	14	2014-06-21 15:42:03.805824	2014-06-21 15:42:03.805824
1038	14	2014-06-21 15:42:05.171799	2014-06-21 15:42:05.171799
1039	14	2014-06-21 15:42:06.466894	2014-06-21 15:42:06.466894
1040	14	2014-06-21 15:46:12.328781	2014-06-21 15:46:12.328781
1041	14	2014-06-21 15:46:13.842625	2014-06-21 15:46:13.842625
1042	15	2014-06-21 15:46:15.643339	2014-06-21 15:46:15.643339
1043	14	2014-06-21 15:48:56.898915	2014-06-21 15:48:56.898915
1044	14	2014-06-21 15:48:58.197043	2014-06-21 15:48:58.197043
1045	16	2014-06-21 15:50:03.516815	2014-06-21 15:50:03.516815
1046	16	2014-06-21 15:50:37.069764	2014-06-21 15:50:37.069764
1047	14	2014-06-21 15:58:22.458558	2014-06-21 15:58:22.458558
1048	14	2014-06-21 15:58:23.744511	2014-06-21 15:58:23.744511
1049	14	2014-06-21 16:00:27.347625	2014-06-21 16:00:27.347625
1050	14	2014-06-21 16:00:28.737699	2014-06-21 16:00:28.737699
1051	14	2014-06-21 16:05:10.71072	2014-06-21 16:05:10.71072
1052	16	2014-06-21 16:30:05.481654	2014-06-21 16:30:05.481654
1053	14	2014-06-21 16:33:35.841751	2014-06-21 16:33:35.841751
1054	13	2014-06-21 16:34:45.569945	2014-06-21 16:34:45.569945
1055	16	2014-06-21 16:35:51.263698	2014-06-21 16:35:51.263698
1056	14	2014-06-21 16:36:05.433594	2014-06-21 16:36:05.433594
1057	14	2014-06-21 16:36:07.015764	2014-06-21 16:36:07.015764
1058	14	2014-06-21 16:36:15.75433	2014-06-21 16:36:15.75433
1059	16	2014-06-21 16:36:30.822162	2014-06-21 16:36:30.822162
1060	16	2014-06-21 16:36:32.236137	2014-06-21 16:36:32.236137
1061	16	2014-06-21 16:36:33.755639	2014-06-21 16:36:33.755639
1062	16	2014-06-21 16:36:35.149845	2014-06-21 16:36:35.149845
1063	14	2014-06-21 16:37:39.860737	2014-06-21 16:37:39.860737
1064	17	2014-06-21 16:37:41.452409	2014-06-21 16:37:41.452409
1065	16	2014-06-21 16:37:41.718637	2014-06-21 16:37:41.718637
1066	17	2014-06-21 16:37:46.513181	2014-06-21 16:37:46.513181
1067	14	2014-06-24 13:06:17.106119	2014-06-24 13:06:17.106119
1068	18	2014-06-24 13:06:43.251418	2014-06-24 13:06:43.251418
\.


--
-- Name: sales_id_seq; Type: SEQUENCE SET; Schema: public; Owner: rails
--

SELECT pg_catalog.setval('sales_id_seq', 1068, true);


--
-- Data for Name: schema_migrations; Type: TABLE DATA; Schema: public; Owner: rails
--

COPY schema_migrations (version) FROM stdin;
20140528132319
20140528133355
20140528133401
20140528190546
20140605104746
\.


--
-- Data for Name: users; Type: TABLE DATA; Schema: public; Owner: rails
--

COPY users (id, email, encrypted_password, reset_password_token, reset_password_sent_at, remember_created_at, sign_in_count, current_sign_in_at, last_sign_in_at, current_sign_in_ip, last_sign_in_ip, created_at, updated_at) FROM stdin;
\.


--
-- Name: users_id_seq; Type: SEQUENCE SET; Schema: public; Owner: rails
--

SELECT pg_catalog.setval('users_id_seq', 1, false);


--
-- Name: discounts_pkey; Type: CONSTRAINT; Schema: public; Owner: rails; Tablespace: 
--

ALTER TABLE ONLY discounts
    ADD CONSTRAINT discounts_pkey PRIMARY KEY (id);


--
-- Name: drinks_pkey; Type: CONSTRAINT; Schema: public; Owner: rails; Tablespace: 
--

ALTER TABLE ONLY drinks
    ADD CONSTRAINT drinks_pkey PRIMARY KEY (id);


--
-- Name: sales_pkey; Type: CONSTRAINT; Schema: public; Owner: rails; Tablespace: 
--

ALTER TABLE ONLY sales
    ADD CONSTRAINT sales_pkey PRIMARY KEY (id);


--
-- Name: users_pkey; Type: CONSTRAINT; Schema: public; Owner: rails; Tablespace: 
--

ALTER TABLE ONLY users
    ADD CONSTRAINT users_pkey PRIMARY KEY (id);


--
-- Name: index_users_on_email; Type: INDEX; Schema: public; Owner: rails; Tablespace: 
--

CREATE UNIQUE INDEX index_users_on_email ON users USING btree (email);


--
-- Name: index_users_on_reset_password_token; Type: INDEX; Schema: public; Owner: rails; Tablespace: 
--

CREATE UNIQUE INDEX index_users_on_reset_password_token ON users USING btree (reset_password_token);


--
-- Name: unique_schema_migrations; Type: INDEX; Schema: public; Owner: rails; Tablespace: 
--

CREATE UNIQUE INDEX unique_schema_migrations ON schema_migrations USING btree (version);


--
-- Name: public; Type: ACL; Schema: -; Owner: postgres
--

REVOKE ALL ON SCHEMA public FROM PUBLIC;
REVOKE ALL ON SCHEMA public FROM postgres;
GRANT ALL ON SCHEMA public TO postgres;
GRANT ALL ON SCHEMA public TO PUBLIC;


--
-- PostgreSQL database dump complete
--

